PERSON_ID,FIRST_NAME,LAST_NAME,DISPLAY_FIRST_LAST,DISPLAY_LAST_COMMA_FIRST,DISPLAY_FI_LAST,PLAYER_SLUG,BIRTHDATE,SCHOOL,COUNTRY,LAST_AFFILIATION,HEIGHT,WEIGHT,SEASON_EXP,JERSEY,POSITION,ROSTERSTATUS,GAMES_PLAYED_CURRENT_SEASON_FLAG,TEAM_ID,TEAM_NAME,TEAM_ABBREVIATION,TEAM_CODE,TEAM_CITY,PLAYERCODE,FROM_YEAR,TO_YEAR,DLEAGUE_FLAG,NBA_FLAG,GAMES_PLAYED_FLAG,DRAFT_YEAR,DRAFT_ROUND,DRAFT_NUMBER,GREATEST_75_FLAG
977,Kobe,Bryant,Kobe Bryant,"Bryant, Kobe",K. Bryant,kobe-bryant,1978-08-23T00:00:00,Lower Merion HS (PA),USA,Lower Merion HS (PA)/USA,6-6,212,20,24,Forward-Guard,Inactive,N,1610612747,Lakers,LAL,lakers,Los Angeles,kobe_bryant,1996,2015,N,Y,Y,1996,1,13,Y
1717,Dirk,Nowitzki,Dirk Nowitzki,"Nowitzki, Dirk",D. Nowitzki,dirk-nowitzki,1978-06-19T00:00:00,DJK Wurzburg,Germany,DJK Wurzburg/Germany,7-0,245,22,41,Forward,Inactive,N,1610612742,Mavericks,DAL,mavericks,Dallas,dirk_nowitzki,1998,2018,N,Y,Y,1998,1,9,Y
2405,Amar'e,Stoudemire,Amar'e Stoudemire,"Stoudemire, Amar'e",A. Stoudemire,amare-stoudemire,1982-11-16T00:00:00,Cypress Creek HS (FL),USA,Cypress Creek HS (FL)/USA,6-10,245,15,5,Forward-Center,Inactive,N,1610612756,Suns,PHX,suns,Phoenix,amar'e_stoudemire,2002,2015,N,Y,Y,2002,1,9,N
2207,Joe,Johnson,Joe Johnson,"Johnson, Joe",J. Johnson,joe-johnson,1981-06-29T00:00:00,Arkansas,USA,Arkansas/USA,6-7,240,18,,Guard-Forward,Inactive,N,0,,,,,joe_johnson,2001,2021,N,Y,Y,2001,1,10,N
2546,Carmelo,Anthony,Carmelo Anthony,"Anthony, Carmelo",C. Anthony,carmelo-anthony,1984-05-29T00:00:00,Syracuse,USA,Syracuse/USA,6-7,238,20,7,Forward,Inactive,N,1610612747,Lakers,LAL,lakers,Los Angeles,carmelo_anthony,2003,2021,N,Y,Y,2003,1,3,Y
2730,Dwight,Howard,Dwight Howard,"Howard, Dwight",D. Howard,dwight-howard,1985-12-08T00:00:00,SW Atlanta Christian Academy (GA),USA,SW Atlanta Christian Academy (GA)/USA,6-10,265,19,39,Center-Forward,Inactive,N,1610612747,Lakers,LAL,lakers,Los Angeles,dwight_howard,2004,2021,N,Y,Y,2004,1,1,N
2200,Pau,Gasol,Pau Gasol,"Gasol, Pau",P. Gasol,pau-gasol,1980-07-06T00:00:00,FC Barcelona,Spain,FC Barcelona/Germany,7-0,250,19,16,Center-Forward,Inactive,N,1610612747,Lakers,LAL,lakers,Los Angeles,pau_gasol,2001,2018,N,Y,Y,2001,1,3,N
2547,Chris,Bosh,Chris Bosh,"Bosh, Chris",C. Bosh,chris-bosh,1984-03-24T00:00:00,Georgia Tech,USA,Georgia Tech/USA,6-11,235,14,1,Forward,Inactive,N,1610612748,Heat,MIA,heat,Miami,chris_bosh,2003,2016,N,Y,Y,2003,1,4,N
2544,LeBron,James,LeBron James,"James, LeBron",L. James,lebron-james,1984-12-30T00:00:00,St. Vincent-St. Mary HS (OH),USA,St. Vincent-St. Mary HS (OH)/USA,6-9,250,20,23,Forward,Active,Y,1610612747,Lakers,LAL,lakers,Los Angeles,lebron_james,2003,2023,N,Y,Y,2003,1,1,Y
2548,Dwyane,Wade,Dwyane Wade,"Wade, Dwyane",D. Wade,dwyane-wade,1982-01-17T00:00:00,Marquette,USA,Marquette/USA,6-4,220,17,3,Guard,Inactive,N,1610612748,Heat,MIA,heat,Miami,dwyane_wade,2003,2018,N,Y,Y,2003,1,5,Y
101108,Chris,Paul,Chris Paul,"Paul, Chris",C. Paul,chris-paul,1985-05-06T00:00:00,Wake Forest,USA,Wake Forest/USA,6-0,175,18,3,Guard,Active,Y,1610612744,Warriors,GSW,warriors,Golden State,chris_paul,2005,2023,N,Y,Y,2005,1,4,Y
101114,Deron,Williams,Deron Williams,"Williams, Deron",D. Williams,deron-williams,1984-06-26T00:00:00,Illinois,USA,Illinois/USA,6-3,200,13,31,Guard,Inactive,N,1610612762,Jazz,UTA,jazz,Utah,deron_williams,2005,2016,N,Y,Y,2005,1,3,N
2216,Zach,Randolph,Zach Randolph,"Randolph, Zach",Z. Randolph,zach-randolph,1981-07-16T00:00:00,Michigan State,USA,Michigan State/USA,6-9,250,18,50,Forward,Inactive,N,1610612763,Grizzlies,MEM,grizzlies,Memphis,zach_randolph,2001,2017,N,Y,Y,2001,1,19,N
201142,Kevin,Durant,Kevin Durant,"Durant, Kevin",K. Durant,kevin-durant,1988-09-29T00:00:00,Texas,USA,Texas/USA,6-11,240,15,35,Forward,Active,Y,1610612756,Suns,PHX,suns,Phoenix,kevin_durant,2007,2023,N,Y,Y,2007,1,2,Y
201565,Derrick,Rose,Derrick Rose,"Rose, Derrick",D. Rose,derrick-rose,1988-10-04T00:00:00,Memphis,USA,Memphis/USA,6-3,200,14,23,Guard,Active,Y,1610612763,Grizzlies,MEM,grizzlies,Memphis,derrick_rose,2008,2023,N,Y,Y,2008,1,1,N
201933,Blake,Griffin,Blake Griffin,"Griffin, Blake",B. Griffin,blake-griffin,1989-03-16T00:00:00,Oklahoma,USA,Oklahoma/USA,6-9,250,14,91,Forward,Inactive,N,1610612738,Celtics,BOS,celtics,Boston,blake_griffin,2009,2022,N,Y,Y,2009,1,1,N
1718,Paul,Pierce,Paul Pierce,"Pierce, Paul",P. Pierce,paul-pierce,1977-10-13T00:00:00,Kansas,USA,Kansas/USA,6-7,235,20,34,Forward,Inactive,N,1610612738,Celtics,BOS,celtics,Boston,paul_pierce,1998,2016,N,Y,Y,1998,1,10,Y
2430,Carlos,Boozer,Carlos Boozer,"Boozer, Carlos",C. Boozer,carlos-boozer,1981-11-20T00:00:00,Duke,USA,Duke/USA,6-9,258,13,5,Forward,Inactive,N,1610612762,Jazz,UTA,jazz,Utah,carlos_boozer,2002,2014,N,Y,Y,2002,2,34,N
200746,LaMarcus,Aldridge,LaMarcus Aldridge,"Aldridge, LaMarcus",L. Aldridge,lamarcus-aldridge,1985-07-19T00:00:00,Texas,USA,Texas/USA,6-11,250,17,21,Center-Forward,Inactive,N,1610612751,Nets,BKN,nets,Brooklyn,lamarcus_aldridge,2006,2021,N,Y,Y,2006,1,2,N
201188,Marc,Gasol,Marc Gasol,"Gasol, Marc",M. Gasol,marc-gasol,1985-01-29T00:00:00,FC Barcelona,Spain,FC Barcelona/Spain,6-11,255,14,14,Center,Inactive,N,1610612763,Grizzlies,MEM,grizzlies,Memphis,marc_gasol,2008,2020,N,Y,Y,2007,2,48,N
201572,Brook,Lopez,Brook Lopez,"Lopez, Brook",B. Lopez,brook-lopez,1988-04-01T00:00:00,Stanford,USA,Stanford/USA,7-1,282,15,11,Center,Active,Y,1610612749,Bucks,MIL,bucks,Milwaukee,brook_lopez,2008,2023,N,Y,Y,2008,1,10,N
201567,Kevin,Love,Kevin Love,"Love, Kevin",K. Love,kevin-love,1988-09-07T00:00:00,UCLA,USA,UCLA/USA,6-8,251,15,42,Forward-Center,Active,Y,1610612748,Heat,MIA,heat,Miami,kevin_love,2008,2023,N,Y,Y,2008,1,5,N
201566,Russell,Westbrook,Russell Westbrook,"Westbrook, Russell",R. Westbrook,russell-westbrook,1988-11-12T00:00:00,UCLA,USA,UCLA/USA,6-4,200,15,0,Guard,Active,Y,1610612746,Clippers,LAC,clippers,LA,russell_westbrook,2008,2023,N,Y,Y,2008,1,4,Y
201569,Eric,Gordon,Eric Gordon,"Gordon, Eric",E. Gordon,eric-gordon,1988-12-25T00:00:00,Indiana,USA,Indiana/USA,6-3,215,15,23,Guard,Active,Y,1610612756,Suns,PHX,suns,Phoenix,eric_gordon,2008,2023,N,Y,Y,2008,1,7,N
201579,Roy,Hibbert,Roy Hibbert,"Hibbert, Roy",R. Hibbert,roy-hibbert,1986-12-11T00:00:00,Georgetown,USA,Georgetown/USA,7-2,270,10,34,Center,Inactive,N,1610612754,Pacers,IND,pacers,Indiana,roy_hibbert,2008,2016,N,Y,Y,2008,1,17,N
2199,Tyson,Chandler,Tyson Chandler,"Chandler, Tyson",T. Chandler,tyson-chandler,1982-10-02T00:00:00,Dominguez HS (CA),USA,Dominguez HS (CA)/USA,7-0,235,20,6,Center,Inactive,N,1610612752,Knicks,NYK,knicks,New York,tyson_chandler,2001,2019,N,Y,Y,2001,1,2,N
101106,Andrew,Bogut,Andrew Bogut,"Bogut, Andrew",A. Bogut,andrew-bogut,1984-11-28T00:00:00,Utah,Australia,Utah/Australia,7-0,260,15,12,Center,Inactive,N,1610612749,Bucks,MIL,bucks,Milwaukee,andrew_bogut,2005,2018,N,Y,Y,2005,1,1,N
101135,David,Lee,David Lee,"Lee, David",D. Lee,david-lee,1983-04-29T00:00:00,Florida,USA,Florida/USA,6-9,245,13,10,Forward-Center,Inactive,N,1610612752,Knicks,NYK,knicks,New York,david_lee,2005,2016,N,Y,Y,2005,1,30,N
201935,James,Harden,James Harden,"Harden, James",J. Harden,james-harden,1989-08-26T00:00:00,Arizona State,USA,Arizona State/USA,6-5,220,14,1,Guard,Active,Y,1610612746,Clippers,LAC,clippers,LA,james_harden,2009,2023,N,Y,Y,2009,1,3,Y
2744,Al,Jefferson,Al Jefferson,"Jefferson, Al",A. Jefferson,al-jefferson,1985-01-04T00:00:00,No College,USA,Prentiss HS (MS)/USA,6-10,280,14,25,Center,Inactive,N,1610612762,Jazz,UTA,jazz,Utah,al_jefferson,2004,2017,N,Y,Y,2004,1,15,N
2746,Josh,Smith,Josh Smith,"Smith, Josh",J. Smith,josh-smith,1985-12-05T00:00:00,Oak Hill Academy (VA),USA,Oak Hill Academy (VA)/USA,6-9,225,13,,Forward,Inactive,N,0,,,,,josh_smith,2004,2017,N,Y,Y,2004,1,17,N
2738,Andre,Iguodala,Andre Iguodala,"Iguodala, Andre",A. Iguodala,andre-iguodala,1984-01-28T00:00:00,Arizona,USA,Arizona/USA,6-6,215,20,9,Guard-Forward,Inactive,N,1610612744,Warriors,GSW,warriors,Golden State,andre_iguodala,2004,2022,N,Y,Y,2004,1,9,N
2225,Tony,Parker,Tony Parker,"Parker, Tony",T. Parker,tony-parker,1982-05-17T00:00:00,Paris Basket Racing,France,Paris Basket Racing/France,6-2,185,19,9,Guard,Inactive,N,1610612759,Spurs,SAS,spurs,San Antonio,tony_parker,2001,2018,N,Y,Y,2001,1,28,N
708,Kevin,Garnett,Kevin Garnett,"Garnett, Kevin",K. Garnett,kevin-garnett,1976-05-19T00:00:00,Farragut Academy HS (IL),USA,Farragut Academy HS (IL)/USA,6-11,240,22,21,Forward,Inactive,N,1610612750,Timberwolves,MIN,timberwolves,Minnesota,kevin_garnett,1995,2015,N,Y,Y,1995,1,5,Y
201586,Serge,Ibaka,Serge Ibaka,"Ibaka, Serge",S. Ibaka,serge-ibaka,1989-09-18T00:00:00,Ricoh Manresa,Democratic Republic of the Congo,Ricoh Manresa/Democratic Republic of the Congo,6-11,235,14,,Forward,Inactive,N,0,,,,,serge_ibaka,2009,2022,Y,Y,Y,2008,1,24,N
201593,Nikola,Pekovic,Nikola Pekovic,"Pekovic, Nikola",N. Pekovic,nikola-pekovic,1986-01-03T00:00:00,Panathinaikos,Montenegro,Panathinaikos/Montenegro,6-11,307,7,14,Center,Inactive,N,1610612750,Timberwolves,MIN,timberwolves,Minnesota,nikola_pekovic,2010,2016,N,Y,Y,2008,2,31,N
2743,Kris,Humphries,Kris Humphries,"Humphries, Kris",K. Humphries,kris-humphries,1985-02-06T00:00:00,Minnesota,USA,Minnesota/USA,6-9,235,14,43,Forward,Inactive,N,1610612751,Nets,BKN,nets,Brooklyn,kris_humphries,2004,2016,N,Y,Y,2004,1,14,N
2561,David,West,David West,"West, David",D. West,david-west,1980-08-29T00:00:00,Xavier,USA,Xavier/USA,6-9,250,16,3,Forward,Inactive,N,1610612740,Hornets,NOH,pelicans,New Orleans,david_west,2003,2017,N,Y,Y,2003,1,18,N
201143,Al,Horford,Al Horford,"Horford, Al",A. Horford,al-horford,1986-06-03T00:00:00,Florida,Dominican Republic,Florida/Dominican Republic,6-9,240,16,42,Center-Forward,Active,Y,1610612738,Celtics,BOS,celtics,Boston,al_horford,2007,2023,N,Y,Y,2007,1,3,N
200765,Rajon,Rondo,Rajon Rondo,"Rondo, Rajon",R. Rondo,rajon-rondo,1986-02-22T00:00:00,Kentucky,USA,Kentucky/USA,6-1,180,17,1,Guard,Inactive,N,1610612739,Cavaliers,CLE,cavaliers,Cleveland,rajon_rondo,2006,2021,N,Y,Y,2006,1,21,N
200745,Andrea,Bargnani,Andrea Bargnani,"Bargnani, Andrea",A. Bargnani,andrea-bargnani,1985-10-26T00:00:00,Benetton Treviso,Italy,Benetton Treviso/Italy,7-0,245,10,,Center-Forward,Inactive,N,0,,,,,andrea_bargnani,2006,2015,N,Y,Y,2006,1,1,N
201936,Tyreke,Evans,Tyreke Evans,"Evans, Tyreke",T. Evans,tyreke-evans,1989-09-19T00:00:00,Memphis,USA,Memphis/USA,6-6,220,10,,Guard,Inactive,N,0,,,,,tyreke_evans,2009,2018,Y,Y,Y,2009,1,4,N
201587,Nicolas,Batum,Nicolas Batum,"Batum, Nicolas",N. Batum,nicolas-batum,1988-12-14T00:00:00,Le Mans,France,Le Mans/France,6-8,230,15,40,Guard-Forward,Active,Y,1610612755,76ers,PHI,sixers,Philadelphia,nicolas_batum,2008,2023,N,Y,Y,2008,1,25,N
201149,Joakim,Noah,Joakim Noah,"Noah, Joakim",J. Noah,joakim-noah,1985-02-25T00:00:00,Florida,USA,Florida/USA,6-11,232,14,55,Forward-Center,Inactive,N,1610612741,Bulls,CHI,bulls,Chicago,joakim_noah,2007,2019,Y,Y,Y,2007,1,9,N
2210,Richard,Jefferson,Richard Jefferson,"Jefferson, Richard",R. Jefferson,richard-jefferson,1980-06-21T00:00:00,Arizona,USA,Arizona/USA,6-7,233,18,22,Forward,Inactive,N,1610612751,Nets,NJN,nets,New Jersey,richard_jefferson,2001,2017,N,Y,Y,2001,1,13,N
201599,DeAndre,Jordan,DeAndre Jordan,"Jordan, DeAndre",D. Jordan,deandre-jordan,1988-07-21T00:00:00,Texas A&M,USA,Texas A&M/USA,6-11,265,15,6,Center,Active,Y,1610612743,Nuggets,DEN,nuggets,Denver,deandre_jordan,2008,2023,N,Y,Y,2008,2,35,N
201951,Ty,Lawson,Ty Lawson,"Lawson, Ty",T. Lawson,ty-lawson,1987-11-03T00:00:00,North Carolina,USA,North Carolina/USA,5-11,195,10,4,Guard,Inactive,N,1610612743,Nuggets,DEN,nuggets,Denver,ty_lawson,2009,2017,N,Y,Y,2009,1,18,N
201580,JaVale,McGee,JaVale McGee,"McGee, JaVale",J. McGee,javale-mcgee,1988-01-19T00:00:00,Nevada,USA,Nevada/USA,7-0,270,15,00,Center-Forward,Active,Y,1610612758,Kings,SAC,kings,Sacramento,javale_mcgee,2008,2023,N,Y,Y,2008,1,18,N
1495,Tim,Duncan,Tim Duncan,"Duncan, Tim",T. Duncan,tim-duncan,1976-04-25T00:00:00,Wake Forest,US Virgin Islands,Wake Forest/US Virgin Islands,6-11,250,20,21,Center-Forward,Inactive,N,1610612759,Spurs,SAS,spurs,San Antonio,tim_duncan,1997,2015,N,Y,Y,1997,1,1,Y
2222,Gerald,Wallace,Gerald Wallace,"Wallace, Gerald",G. Wallace,gerald-wallace,1982-07-23T00:00:00,Alabama,USA,Alabama/USA,6-7,220,15,45,Forward,Inactive,N,1610612766,Bobcats,CHA,hornets,Charlotte,gerald_wallace,2001,2014,N,Y,Y,2001,1,25,N
201168,Tiago,Splitter,Tiago Splitter,"Splitter, Tiago",T. Splitter,tiago-splitter,1985-01-01T00:00:00,Bilbao,Brazil,Baskonia/Brazil,6-11,245,8,47,Center-Forward,Inactive,N,1610612759,Spurs,SAS,spurs,San Antonio,tiago_splitter,2010,2016,Y,Y,Y,2007,1,28,N
201939,Stephen,Curry,Stephen Curry,"Curry, Stephen",S. Curry,stephen-curry,1988-03-14T00:00:00,Davidson,USA,Davidson/USA,6-2,185,14,30,Guard,Active,Y,1610612744,Warriors,GSW,warriors,Golden State,stephen_curry,2009,2023,N,Y,Y,2009,1,7,Y
201950,Jrue,Holiday,Jrue Holiday,"Holiday, Jrue",J. Holiday,jrue-holiday,1990-06-12T00:00:00,UCLA,USA,UCLA/USA,6-4,205,14,4,Guard,Active,Y,1610612738,Celtics,BOS,celtics,Boston,jrue_holiday,2009,2023,N,Y,Y,2009,1,17,N
200794,Paul,Millsap,Paul Millsap,"Millsap, Paul",P. Millsap,paul-millsap,1985-02-10T00:00:00,Louisiana Tech,USA,Louisiana Tech/USA,6-7,257,17,8,Forward,Inactive,N,1610612755,76ers,PHI,sixers,Philadelphia,paul_millsap,2006,2021,N,Y,Y,2006,2,47,N
201942,DeMar,DeRozan,DeMar DeRozan,"DeRozan, DeMar",D. DeRozan,demar-derozan,1989-08-07T00:00:00,Southern California,USA,Southern California/USA,6-6,220,14,11,Guard-Forward,Active,Y,1610612741,Bulls,CHI,bulls,Chicago,demar_derozan,2009,2023,N,Y,Y,2009,1,9,N
1890,Shawn,Marion,Shawn Marion,"Marion, Shawn",S. Marion,shawn-marion,1978-05-07T00:00:00,UNLV,USA,UNLV/USA,6-7,228,16,31,Guard-Forward,Inactive,N,1610612756,Suns,PHX,suns,Phoenix,shawn_marion,1999,2014,N,Y,Y,1999,1,9,N
959,Steve,Nash,Steve Nash,"Nash, Steve",S. Nash,steve-nash,1974-02-07T00:00:00,Santa Clara,Canada,Santa Clara/Canada,6-3,178,19,10,Guard,Inactive,N,1610612756,Suns,PHX,suns,Phoenix,steve_nash,1996,2013,N,Y,Y,1996,1,15,Y
2760,Anderson,Varejao,Anderson Varejao,"Varejao, Anderson",A. Varejao,anderson-varejao,1982-09-28T00:00:00,FC Barcelona,Brazil,FC Barcelona/Brazil,6-11,260,14,,Forward,Inactive,N,0,,,,,anderson_varejao,2004,2020,N,Y,Y,2004,2,30,N
201152,Thaddeus,Young,Thaddeus Young,"Young, Thaddeus",T. Young,thaddeus-young,1988-06-21T00:00:00,Georgia Tech,USA,Georgia Tech/USA,6-8,225,16,30,Forward,Active,Y,1610612756,Suns,PHX,suns,Phoenix,thaddeus_young,2007,2023,N,Y,Y,2007,1,12,N
2570,Kendrick,Perkins,Kendrick Perkins,"Perkins, Kendrick",K. Perkins,kendrick-perkins,1984-11-10T00:00:00,Clifton J. Ozen HS (TX),USA,Clifton J. Ozen HS (TX)/USA,6-10,270,14,21,Center,Inactive,N,1610612738,Celtics,BOS,celtics,Boston,kendrick_perkins,2003,2017,Y,Y,Y,2003,1,27,N
201145,Jeff,Green,Jeff Green,"Green, Jeff",J. Green,jeff-green,1986-08-28T00:00:00,Georgetown,USA,Georgetown/USA,6-8,235,15,32,Forward,Active,Y,1610612745,Rockets,HOU,rockets,Houston,jeff_green,2007,2023,N,Y,Y,2007,1,5,N
201144,Mike,Conley,Mike Conley,"Conley, Mike",M. Conley,mike-conley,1987-10-11T00:00:00,Ohio State,USA,Ohio State/USA,6-0,175,16,10,Guard,Active,Y,1610612750,Timberwolves,MIN,timberwolves,Minnesota,mike_conley,2007,2023,N,Y,Y,2007,1,4,N
101111,Charlie,Villanueva,Charlie Villanueva,"Villanueva, Charlie",C. Villanueva,charlie-villanueva,1984-08-24T00:00:00,Connecticut,USA,Connecticut/USA,6-11,232,12,3,Forward,Inactive,N,1610612765,Pistons,DET,pistons,Detroit,charlie_villanueva,2005,2015,N,Y,Y,2005,1,7,N
201155,Rodney,Stuckey,Rodney Stuckey,"Stuckey, Rodney",R. Stuckey,rodney-stuckey,1986-04-21T00:00:00,Eastern Washington,USA,Eastern Washington/USA,6-5,205,10,,Guard,Inactive,N,0,,,,,rodney_stuckey,2007,2016,N,Y,Y,2007,1,15,N
202391,Jeremy,Lin,Jeremy Lin,"Lin, Jeremy",J. Lin,jeremy-lin,1988-08-23T00:00:00,Harvard,USA,Harvard/USA,6-3,200,10,17,Guard,Inactive,N,1610612745,Rockets,HOU,rockets,Houston,jeremy_lin,2010,2018,Y,Y,Y,Undrafted,Undrafted,Undrafted,N
201600,Omer,Asik,Omer Asik,"Asik, Omer",O. Asik,omer-asik,1986-07-04T00:00:00,Fenerbahce,Turkey,Fenerbahce/Turkey,7-0,255,9,3,Center,Inactive,N,1610612740,Pelicans,NOP,pelicans,New Orleans,omer_asik,2010,2017,N,Y,Y,2008,2,36,N
201583,Ryan,Anderson,Ryan Anderson,"Anderson, Ryan",R. Anderson,ryan-anderson,1988-05-06T00:00:00,California,USA,California/USA,6-9,240,12,,Forward,Inactive,N,0,,,,,ryan_anderson,2008,2019,N,Y,Y,2008,1,21,N
201952,Jeff,Teague,Jeff Teague,"Teague, Jeff",J. Teague,jeff-teague,1988-06-10T00:00:00,Wake Forest,USA,Wake Forest/USA,6-3,195,13,5,Guard,Inactive,N,1610612737,Hawks,ATL,hawks,Atlanta,jeff_teague,2009,2020,N,Y,Y,2009,1,19,N
201564,O.J.,Mayo,O.J. Mayo,"Mayo, O.J.",O. Mayo,oj-mayo,1987-11-05T00:00:00,Southern California,USA,Southern California/USA,6-5,210,9,3,Guard,Inactive,N,1610612763,Grizzlies,MEM,grizzlies,Memphis,o.j._mayo,2008,2015,N,Y,Y,2008,1,3,N
201588,George,Hill,George Hill,"Hill, George",G. Hill,george-hill,1986-05-04T00:00:00,Indiana-Purdue Indianapolis,USA,Indiana-Purdue Indianapolis/USA,6-4,188,16,7,Guard,Inactive,N,1610612754,Pacers,IND,pacers,Indiana,george_hill,2008,2022,N,Y,Y,2008,1,26,N
101145,Monta,Ellis,Monta Ellis,"Ellis, Monta",M. Ellis,monta-ellis,1985-10-26T00:00:00,Lanier HS (MS),USA,Lanier HS (MS)/USA,6-3,185,13,11,Guard,Inactive,N,1610612744,Warriors,GSW,warriors,Golden State,monta_ellis,2005,2016,N,Y,Y,2005,2,40,N
101141,Ersan,Ilyasova,Ersan Ilyasova,"Ilyasova, Ersan",E. Ilyasova,ersan-ilyasova,1987-05-15T00:00:00,FC Barcelona,Turkey,FC Barcelona/Turkey,6-9,235,14,77,Forward,Inactive,N,1610612749,Bucks,MIL,bucks,Milwaukee,ersan_ilyasova,2006,2020,Y,Y,Y,2005,2,36,N
2772,Trevor,Ariza,Trevor Ariza,"Ariza, Trevor",T. Ariza,trevor-ariza,1985-06-30T00:00:00,UCLA,USA,UCLA/USA,6-8,215,18,,Forward,Inactive,N,0,,,,,trevor_ariza,2004,2021,N,Y,Y,2004,2,43,N
101162,Marcin,Gortat,Marcin Gortat,"Gortat, Marcin",M. Gortat,marcin-gortat,1984-02-17T00:00:00,RheinEnergie Cologne,Poland,RheinEnergie Cologne/Poland,6-11,240,12,,Center,Inactive,N,0,,,,,marcin_gortat,2007,2018,Y,Y,Y,2005,2,57,N
201943,Brandon,Jennings,Brandon Jennings,"Jennings, Brandon",B. Jennings,brandon-jennings,1989-09-23T00:00:00,Virtus Roma,USA,Virtus Roma/USA,6-1,170,9,11,Guard,Inactive,N,1610612749,Bucks,MIL,bucks,Milwaukee,brandon_jennings,2009,2017,Y,Y,Y,2009,1,10,N
201959,Taj,Gibson,Taj Gibson,"Gibson, Taj",T. Gibson,taj-gibson,1985-06-24T00:00:00,Southern California,USA,Southern California/USA,6-9,232,14,67,Forward,Active,Y,1610612765,Pistons,DET,pistons,Detroit,taj_gibson,2009,2023,N,Y,Y,2009,1,26,N
1938,Manu,Ginobili,Manu Ginobili,"Ginobili, Manu",M. Ginobili,manu-ginobili,1977-07-28T00:00:00,Virtus Bologna,Argentina,Virtus Bologna/Argentina,6-6,205,16,20,Guard,Inactive,N,1610612759,Spurs,SAS,spurs,San Antonio,manu_ginobili,2002,2017,N,Y,Y,1999,2,57,N
201167,Arron,Afflalo,Arron Afflalo,"Afflalo, Arron",A. Afflalo,arron-afflalo,1985-10-15T00:00:00,UCLA,USA,UCLA/USA,6-5,210,12,4,Guard,Inactive,N,1610612743,Nuggets,DEN,nuggets,Denver,arron_afflalo,2007,2017,N,Y,Y,2007,1,27,N
201609,Goran,Dragic,Goran Dragic,"Dragic, Goran",G. Dragic,goran-dragic,1986-05-06T00:00:00,Union Olimpija,Slovenia,Union Olimpija/Slovenia,6-4,190,16,31,Guard,Inactive,N,1610612749,Bucks,MIL,bucks,Milwaukee,goran_dragic,2008,2022,N,Y,Y,2008,2,45,N
101107,Marvin,Williams,Marvin Williams,"Williams, Marvin",M. Williams,marvin-williams,1986-06-19T00:00:00,North Carolina,USA,North Carolina/USA,6-8,237,16,20,Forward,Inactive,N,1610612737,Hawks,ATL,hawks,Atlanta,marvin_williams,2005,2019,N,Y,Y,2005,1,2,N
202322,John,Wall,John Wall,"Wall, John",J. Wall,john-wall,1990-09-06T00:00:00,Kentucky,USA,Kentucky/USA,6-3,210,11,,Guard,Inactive,N,0,,,,,john_wall,2010,2022,N,Y,Y,2010,1,1,N
2419,Tayshaun,Prince,Tayshaun Prince,"Prince, Tayshaun",T. Prince,tayshaun-prince,1980-02-28T00:00:00,Kentucky,USA,Kentucky/USA,6-9,212,15,12,Forward,Inactive,N,1610612765,Pistons,DET,pistons,Detroit,tayshaun_prince,2002,2015,N,Y,Y,2002,1,23,N
202083,Wesley,Matthews,Wesley Matthews,"Matthews, Wesley",W. Matthews,wesley-matthews,1986-10-14T00:00:00,Marquette,USA,Marquette/USA,6-5,220,14,32,Guard,Active,Y,1610612737,Hawks,ATL,hawks,Atlanta,wesley_matthews,2009,2023,N,Y,Y,Undrafted,Undrafted,Undrafted,N
101181,Jose,Calderon,Jose Calderon,"Calderon, Jose",J. Calderon,jose-calderon,1981-09-28T00:00:00,Tau Ceramica,Spain,Tau Ceramica/Spain,6-3,200,15,81,Guard,Inactive,N,1610612761,Raptors,TOR,raptors,Toronto,jose_calderon,2005,2018,N,Y,Y,Undrafted,Undrafted,Undrafted,N
2594,Kyle,Korver,Kyle Korver,"Korver, Kyle",K. Korver,kyle-korver,1981-03-17T00:00:00,Creighton,USA,Creighton/USA,6-7,212,18,26,Guard-Forward,Inactive,N,1610612755,76ers,PHI,sixers,Philadelphia,kyle_korver,2003,2019,N,Y,Y,2003,2,51,N
2755,Kevin,Martin,Kevin Martin,"Martin, Kevin",K. Martin,kevin-martin,1983-02-01T00:00:00,Western Carolina,USA,Western Carolina/USA,6-7,199,13,23,Guard,Inactive,N,1610612758,Kings,SAC,kings,Sacramento,kevin_martin,2004,2015,N,Y,Y,2004,1,26,N
201171,Carl,Landry,Carl Landry,"Landry, Carl",C. Landry,carl-landry,1983-09-19T00:00:00,Purdue,USA,Purdue/USA,6-9,248,10,7,Forward,Inactive,N,1610612758,Kings,SAC,kings,Sacramento,carl_landry,2007,2015,N,Y,Y,2007,2,31,N
101161,Amir,Johnson,Amir Johnson,"Johnson, Amir",A. Johnson,amir-johnson,1987-05-01T00:00:00,Westchester HS (CA),USA,Westchester HS (CA)/USA,6-9,240,15,5,Center-Forward,Inactive,N,1610612761,Raptors,TOR,raptors,Toronto,amir_johnson,2005,2018,Y,Y,Y,2005,2,56,N
200755,JJ,Redick,JJ Redick,"Redick, JJ",J. Redick,jj-redick,1984-06-24T00:00:00,Duke,USA,Duke/USA,6-3,200,16,17,Guard,Inactive,N,1610612755,76ers,PHI,sixers,Philadelphia,jj_redick,2006,2020,N,Y,Y,2006,1,11,N
101138,Brandon,Bass,Brandon Bass,"Bass, Brandon",B. Bass,brandon-bass,1985-04-30T00:00:00,Louisiana State,USA,Louisiana State/USA,6-8,250,13,30,Forward,Inactive,N,1610612738,Celtics,BOS,celtics,Boston,brandon_bass,2005,2016,Y,Y,Y,2005,2,33,N
101112,Channing,Frye,Channing Frye,"Frye, Channing",C. Frye,channing-frye,1983-05-17T00:00:00,Arizona,USA,Arizona/USA,7-0,255,14,9,Forward-Center,Inactive,N,1610612756,Suns,PHX,suns,Phoenix,channing_frye,2005,2018,N,Y,Y,2005,1,8,N
201163,Wilson,Chandler,Wilson Chandler,"Chandler, Wilson",W. Chandler,wilson-chandler,1987-05-10T00:00:00,DePaul,USA,DePaul/USA,6-8,235,13,21,Forward,Inactive,N,1610612743,Nuggets,DEN,nuggets,Denver,wilson_chandler,2007,2019,N,Y,Y,2007,1,23,N
101127,Jarrett,Jack,Jarrett Jack,"Jack, Jarrett",J. Jack,jarrett-jack,1983-10-28T00:00:00,Georgia Tech,USA,Georgia Tech/USA,6-3,200,14,55,Guard,Inactive,N,1610612757,Trail Blazers,POR,blazers,Portland,jarrett_jack,2005,2017,Y,Y,Y,2005,1,22,N
202361,Landry,Fields,Landry Fields,"Fields, Landry",L. Fields,landry-fields,1988-06-27T00:00:00,Stanford,USA,Stanford/USA,6-7,215,5,2,Guard-Forward,Inactive,N,1610612752,Knicks,NYK,knicks,New York,landry_fields,2010,2014,N,Y,Y,2010,2,39,N
200768,Kyle,Lowry,Kyle Lowry,"Lowry, Kyle",K. Lowry,kyle-lowry,1986-03-25T00:00:00,Villanova,USA,Villanova/USA,6-0,196,17,7,Guard,Active,Y,1610612755,76ers,PHI,sixers,Philadelphia,kyle_lowry,2006,2023,N,Y,Y,2006,1,24,N
202324,Derrick,Favors,Derrick Favors,"Favors, Derrick",D. Favors,derrick-favors,1991-07-15T00:00:00,Georgia Tech,USA,Georgia Tech/USA,6-9,265,13,15,Forward,Inactive,N,1610612760,Thunder,OKC,thunder,Oklahoma City,derrick_favors,2010,2021,Y,Y,Y,2010,1,3,N
201577,Robin,Lopez,Robin Lopez,"Lopez, Robin",R. Lopez,robin-lopez,1988-04-01T00:00:00,Stanford,USA,Stanford/USA,7-1,281,15,,Center,Inactive,Y,0,,,,,robin_lopez,2008,2023,N,Y,Y,2008,1,15,N
201574,Jason,Thompson,Jason Thompson,"Thompson, Jason",J. Thompson,jason-thompson,1986-07-21T00:00:00,Rider,USA,Rider/USA,6-11,250,9,1,Forward-Center,Inactive,N,1610612758,Kings,SAC,kings,Sacramento,jason_thompson,2008,2015,N,Y,Y,2008,1,12,N
1891,Jason,Terry,Jason Terry,"Terry, Jason",J. Terry,jason-terry,1977-09-15T00:00:00,Arizona,USA,Arizona/USA,6-2,185,19,3,Guard,Inactive,N,1610612742,Mavericks,DAL,mavericks,Dallas,jason_terry,1999,2017,N,Y,Y,1999,1,10,N
202681,Kyrie,Irving,Kyrie Irving,"Irving, Kyrie",K. Irving,kyrie-irving,1992-03-23T00:00:00,Duke,Australia,Duke/Australia,6-2,195,12,11,Guard,Active,Y,1610612742,Mavericks,DAL,mavericks,Dallas,kyrie_irving,2011,2023,N,Y,Y,2011,1,1,N
2747,JR,Smith,JR Smith,"Smith, JR",J. Smith,jr-smith,1985-09-09T00:00:00,St. Benedict's Prep (NJ),USA,St. Benedict's Prep (NJ)/USA,6-6,220,17,21,Guard,Inactive,N,1610612743,Nuggets,DEN,nuggets,Denver,jr_smith,2004,2019,N,Y,Y,2004,1,18,N
203076,Anthony,Davis,Anthony Davis,"Davis, Anthony",A. Davis,anthony-davis,1993-03-11T00:00:00,Kentucky,USA,Kentucky/USA,6-10,253,11,3,Forward-Center,Active,Y,1610612747,Lakers,LAL,lakers,Los Angeles,anthony_davis,2012,2023,N,Y,Y,2012,1,1,Y
203461,Anthony,Bennett,Anthony Bennett,"Bennett, Anthony",A. Bennett,anthony-bennett,1993-03-14T00:00:00,UNLV,Canada,UNLV/Canada,6-8,235,5,,Forward,Inactive,N,0,,,,,anthony_bennett,2013,2016,Y,Y,Y,2013,1,1,N
2037,Jamal,Crawford,Jamal Crawford,"Crawford, Jamal",J. Crawford,jamal-crawford,1980-03-20T00:00:00,Michigan,USA,Michigan/USA,6-5,200,21,1,Guard,Inactive,N,1610612746,Clippers,LAC,clippers,LA,jamal_crawford,2000,2019,N,Y,Y,2000,1,8,N
101150,Lou,Williams,Lou Williams,"Williams, Lou",L. Williams,lou-williams,1986-10-27T00:00:00,South Gwinnett HS (GA),USA,South Gwinnett HS (GA)/USA,6-2,175,18,6,Guard,Inactive,N,1610612737,Hawks,ATL,hawks,Atlanta,lou_williams,2005,2021,Y,Y,Y,2005,2,45,N
2585,Zaza,Pachulia,Zaza Pachulia,"Pachulia, Zaza",Z. Pachulia,zaza-pachulia,1984-02-10T00:00:00,Ulkerspor,Georgia,Ulkerspor/Georgia,6-11,270,17,27,Center,Inactive,N,1610612737,Hawks,ATL,hawks,Atlanta,zaza_pachulia,2003,2018,N,Y,Y,2003,2,42,N
201581,JJ,Hickson,JJ Hickson,"Hickson, JJ",J. Hickson,jj-hickson,1988-09-04T00:00:00,North Carolina State,USA,North Carolina State/USA,6-9,242,9,21,Center-Forward,Inactive,N,1610612739,Cavaliers,CLE,cavaliers,Cleveland,jj_hickson,2008,2015,N,Y,Y,2008,1,19,N
101110,Martell,Webster,Martell Webster,"Webster, Martell",M. Webster,martell-webster,1986-12-04T00:00:00,Seattle Preparatory HS (WA),USA,Seattle Preparatory HS (WA)/USA,6-7,230,11,9,Forward-Guard,Inactive,N,1610612757,Trail Blazers,POR,blazers,Portland,martell_webster,2005,2014,Y,Y,Y,2005,1,6,N
2586,Keith,Bogans,Keith Bogans,"Bogans, Keith",K. Bogans,keith-bogans,1980-05-12T00:00:00,Kentucky,USA,Kentucky/USA,6-5,215,11,4,Guard-Forward,Inactive,N,1610612753,Magic,ORL,magic,Orlando,keith_bogans,2003,2013,Y,Y,Y,2003,2,43,N
201147,Corey,Brewer,Corey Brewer,"Brewer, Corey",C. Brewer,corey-brewer,1986-03-05T00:00:00,Florida,USA,Florida/USA,6-9,188,14,13,Guard-Forward,Inactive,N,1610612750,Timberwolves,MIN,timberwolves,Minnesota,corey_brewer,2007,2019,N,Y,Y,2007,1,7,N
201978,Chase,Budinger,Chase Budinger,"Budinger, Chase",C. Budinger,chase-budinger,1988-05-22T00:00:00,Arizona,USA,Arizona/USA,6-7,209,8,10,Forward,Inactive,N,1610612745,Rockets,HOU,rockets,Houston,chase_budinger,2009,2015,N,Y,Y,2009,2,44,N
201148,Brandan,Wright,Brandan Wright,"Wright, Brandan",B. Wright,brandan-wright,1987-10-05T00:00:00,North Carolina,USA,North Carolina/USA,6-10,235,10,,Forward-Center,Inactive,N,0,,,,,brandan_wright,2007,2017,N,Y,Y,2007,1,8,N
202326,DeMarcus,Cousins,DeMarcus Cousins,"Cousins, DeMarcus",D. Cousins,demarcus-cousins,1990-08-13T00:00:00,Kentucky,USA,Kentucky/USA,6-10,270,12,4,Center,Inactive,N,1610612743,Nuggets,DEN,nuggets,Denver,demarcus_cousins,2010,2021,N,Y,Y,2010,1,5,N
203077,Michael,Kidd-Gilchrist,Michael Kidd-Gilchrist,"Kidd-Gilchrist, Michael",M. Kidd-Gilchrist,michael-kidd-gilchrist,1993-09-26T00:00:00,Kentucky,USA,Kentucky/USA,6-6,232,9,9,Forward,Inactive,N,1610612766,Hornets,CHA,hornets,Charlotte,michael_kidd-gilchrist,2012,2019,N,Y,Y,2012,1,2,N
203506,Victor,Oladipo,Victor Oladipo,"Oladipo, Victor",V. Oladipo,victor-oladipo,1992-05-04T00:00:00,Indiana,USA,Indiana/USA,6-3,213,11,4,Guard,Inactive,N,1610612748,Heat,MIA,heat,Miami,victor_oladipo,2013,2022,N,Y,Y,2013,1,2,N
2564,Boris,Diaw,Boris Diaw,"Diaw, Boris",B. Diaw,boris-diaw,1982-04-16T00:00:00,Pau Orthez,France,Pau Orthez/France,6-8,250,15,33,Center-Forward,Inactive,N,1610612759,Spurs,SAS,spurs,San Antonio,boris_diaw,2003,2016,N,Y,Y,2003,1,21,N
200826,J.J.,Barea,J.J. Barea,"Barea, J.J.",J. Barea,jj-barea,1984-06-26T00:00:00,Northeastern,Puerto Rico,Northeastern/Puerto Rico,5-10,180,15,5,Guard,Inactive,N,1610612742,Mavericks,DAL,mavericks,Dallas,j.j._barea,2006,2019,Y,Y,Y,Undrafted,Undrafted,Undrafted,N
2449,Luis,Scola,Luis Scola,"Scola, Luis",L. Scola,luis-scola,1980-04-30T00:00:00,Tau Ceramica,Argentina,Tau Ceramica/Argentina,6-9,241,10,,Forward,Inactive,N,0,,,,,luis_scola,2007,2016,N,Y,Y,2002,2,55,N
202683,Enes,Freedom,Enes Freedom,"Freedom, Enes",E. Freedom,enes-freedom,1992-05-20T00:00:00,Fenerbahce,Turkey,Fenerbahce/Turkey,6-10,250,11,,Center,Inactive,N,0,,,,,enes_freedom,2011,2021,N,Y,Y,2011,1,3,N
201973,Jonas,Jerebko,Jonas Jerebko,"Jerebko, Jonas",J. Jerebko,jonas-jerebko,1987-03-02T00:00:00,Angelico Biella,Sweden,Angelico Biella/Sweden,6-10,231,10,21,Forward,Inactive,N,1610612765,Pistons,DET,pistons,Detroit,jonas_jerebko,2009,2018,N,Y,Y,2009,2,39,N
2754,Tony,Allen,Tony Allen,"Allen, Tony",T. Allen,tony-allen,1982-01-11T00:00:00,Oklahoma State,USA,Oklahoma State/USA,6-4,213,14,,Guard-Forward,Inactive,N,0,,,,,tony_allen,2004,2017,N,Y,Y,2004,1,25,N
202327,Ekpe,Udoh,Ekpe Udoh,"Udoh, Ekpe",E. Udoh,ekpe-udoh,1987-05-20T00:00:00,Baylor,USA,Baylor/USA,6-10,245,8,33,Center-Forward,Inactive,N,1610612749,Bucks,MIL,bucks,Milwaukee,ekpe_udoh,2010,2018,N,Y,Y,2010,1,6,N
202389,Timofey,Mozgov,Timofey Mozgov,"Mozgov, Timofey",T. Mozgov,timofey-mozgov,1986-07-16T00:00:00,Khimki,Russia,Khimki/Russia,7-1,275,10,21,Center,Inactive,N,1610612743,Nuggets,DEN,nuggets,Denver,timofey_mozgov,2010,2018,N,Y,Y,Undrafted,Undrafted,Undrafted,N
2617,Udonis,Haslem,Udonis Haslem,"Haslem, Udonis",U. Haslem,udonis-haslem,1980-06-09T00:00:00,Florida,USA,Florida/USA,6-7,235,21,40,Forward,Inactive,N,1610612748,Heat,MIA,heat,Miami,udonis_haslem,2003,2022,N,Y,Y,Undrafted,Undrafted,Undrafted,N
203078,Bradley,Beal,Bradley Beal,"Beal, Bradley",B. Beal,bradley-beal,1993-06-28T00:00:00,Florida,USA,Florida/USA,6-4,207,11,3,Guard,Active,Y,1610612756,Suns,PHX,suns,Phoenix,bradley_beal,2012,2023,N,Y,Y,2012,1,3,N
203490,Otto,Porter Jr.,Otto Porter Jr.,"Porter Jr., Otto",O. Porter Jr.,otto-porter-jr,1993-06-03T00:00:00,Georgetown,USA,Georgetown/USA,6-8,230,10,,Forward,Inactive,Y,0,,,,,otto_porter_jr,2013,2023,N,Y,Y,2013,1,3,N
201162,Jared,Dudley,Jared Dudley,"Dudley, Jared",J. Dudley,jared-dudley,1985-07-10T00:00:00,Boston College,USA,Boston College/USA,6-6,237,15,10,Forward,Inactive,N,1610612756,Suns,PHX,suns,Phoenix,jared_dudley,2007,2020,N,Y,Y,2007,1,22,N
202328,Greg,Monroe,Greg Monroe,"Monroe, Greg",G. Monroe,greg-monroe,1990-06-04T00:00:00,Georgetown,USA,Georgetown/USA,6-10,250,11,15,Forward-Center,Inactive,N,1610612750,Timberwolves,MIN,timberwolves,Minnesota,greg_monroe,2010,2021,Y,Y,Y,2010,1,7,N
202684,Tristan,Thompson,Tristan Thompson,"Thompson, Tristan",T. Thompson,tristan-thompson,1991-03-13T00:00:00,Texas-Austin,Canada,Texas-Austin/Canada,6-9,254,12,13,Center-Forward,Active,Y,1610612739,Cavaliers,CLE,cavaliers,Cleveland,tristan_thompson,2011,2023,N,Y,Y,2011,1,4,N
2550,Kirk,Hinrich,Kirk Hinrich,"Hinrich, Kirk",K. Hinrich,kirk-hinrich,1981-01-02T00:00:00,Kansas,USA,Kansas/USA,6-4,190,14,12,Guard,Inactive,N,1610612741,Bulls,CHI,bulls,Chicago,kirk_hinrich,2003,2015,N,Y,Y,2003,1,7,N
101133,Ian,Mahinmi,Ian Mahinmi,"Mahinmi, Ian",I. Mahinmi,ian-mahinmi,1986-11-05T00:00:00,Pau Orthez,France,Pau Orthez/France,6-11,262,13,28,Center,Inactive,N,1610612754,Pacers,IND,pacers,Indiana,ian_mahinmi,2007,2019,Y,Y,Y,2005,1,28,N
1882,Elton,Brand,Elton Brand,"Brand, Elton",E. Brand,elton-brand,1979-03-11T00:00:00,Duke,USA,Duke/USA,6-9,254,18,42,Forward,Inactive,N,1610612746,Clippers,LAC,clippers,Los Angeles,elton_brand,1999,2015,N,Y,Y,1999,1,1,N
201596,Mario,Chalmers,Mario Chalmers,"Chalmers, Mario",M. Chalmers,mario-chalmers,1986-05-19T00:00:00,Kansas,USA,Kansas/USA,6-2,190,10,6,Guard,Inactive,N,1610612748,Heat,MIA,heat,Miami,mario_chalmers,2008,2017,Y,Y,Y,2008,2,34,N
2588,Matt,Bonner,Matt Bonner,"Bonner, Matt",M. Bonner,matt-bonner,1980-04-05T00:00:00,Florida,USA,Florida/USA,6-10,235,13,15,Center-Forward,Inactive,N,1610612759,Spurs,SAS,spurs,San Antonio,matt_bonner,2004,2015,N,Y,Y,2003,2,45,N
200757,Thabo,Sefolosha,Thabo Sefolosha,"Sefolosha, Thabo",T. Sefolosha,thabo-sefolosha,1984-05-02T00:00:00,Angelico Biella,Switzerland,Angelico Biella/Switzerland,6-6,215,15,18,Forward-Guard,Inactive,N,1610612760,Thunder,OKC,thunder,Oklahoma City,thabo_sefolosha,2006,2019,N,Y,Y,2006,1,13,N
203079,Dion,Waiters,Dion Waiters,"Waiters, Dion",D. Waiters,dion-waiters,1991-12-10T00:00:00,Syracuse,USA,Syracuse/USA,6-3,210,9,18,Guard,Inactive,N,1610612739,Cavaliers,CLE,cavaliers,Cleveland,dion_waiters,2012,2019,N,Y,Y,2012,1,4,N
203469,Cody,Zeller,Cody Zeller,"Zeller, Cody",C. Zeller,cody-zeller,1992-10-05T00:00:00,Indiana,USA,Indiana/USA,6-11,240,10,40,Forward-Center,Active,Y,1610612740,Pelicans,NOP,pelicans,New Orleans,cody_zeller,2013,2023,N,Y,Y,2013,1,4,N
201980,Danny,Green,Danny Green,"Green, Danny",D. Green,danny-green,1987-06-22T00:00:00,North Carolina,USA,North Carolina/USA,6-6,215,14,,Guard,Inactive,Y,0,,,,,danny_green,2009,2023,Y,Y,Y,2009,2,46,N
200779,Steve,Novak,Steve Novak,"Novak, Steve",S. Novak,steve-novak,1983-06-13T00:00:00,Marquette,USA,Marquette/USA,6-10,225,11,,Forward,Inactive,N,0,,,,,steve_novak,2006,2016,Y,Y,Y,2006,2,32,N
202329,Al-Farouq,Aminu,Al-Farouq Aminu,"Aminu, Al-Farouq",A. Aminu,al-farouq-aminu,1990-09-21T00:00:00,Wake Forest,USA,Wake Forest/USA,6-8,220,12,5,Forward,Inactive,N,1610612757,Trail Blazers,POR,blazers,Portland,al-farouq_aminu,2010,2020,N,Y,Y,2010,1,8,N
2223,Samuel,Dalembert,Samuel Dalembert,"Dalembert, Samuel",S. Dalembert,samuel-dalembert,1980-05-10T00:00:00,Seton Hall,Haiti,Seton Hall/Haiti,6-11,255,14,,Center,Inactive,N,0,,,,,samuel_dalembert,2001,2014,N,Y,Y,2001,1,26,N
201937,Ricky,Rubio,Ricky Rubio,"Rubio, Ricky",R. Rubio,ricky-rubio,1990-10-21T00:00:00,FC Barcelona,Spain,FC Barcelona/Spain,6-2,190,13,13,Guard,Inactive,N,1610612739,Cavaliers,CLE,cavaliers,Cleveland,ricky_rubio,2011,2022,N,Y,Y,2009,1,5,N
101109,Raymond,Felton,Raymond Felton,"Felton, Raymond",R. Felton,raymond-felton,1984-06-26T00:00:00,North Carolina,USA,North Carolina/USA,6-1,205,15,2,Guard,Inactive,N,1610612766,Bobcats,CHA,hornets,Charlotte,raymond_felton,2005,2018,N,Y,Y,2005,1,5,N
202685,Jonas,Valanciunas,Jonas Valanciunas,"Valanciunas, Jonas",J. Valanciunas,jonas-valanciunas,1992-05-06T00:00:00,Lietuvos rytas Vilnius,Lithuania,Lietuvos rytas Vilnius/Lithuania,6-11,265,11,17,Center,Active,Y,1610612740,Pelicans,NOP,pelicans,New Orleans,jonas_valanciunas,2012,2023,N,Y,Y,2011,1,5,N
203080,Thomas,Robinson,Thomas Robinson,"Robinson, Thomas",T. Robinson,thomas-robinson,1991-03-17T00:00:00,Kansas,USA,Kansas/USA,6-10,237,6,15,Forward,Inactive,N,1610612757,Trail Blazers,POR,blazers,Portland,thomas_robinson,2012,2016,Y,Y,Y,2012,1,5,N
201578,Marreese,Speights,Marreese Speights,"Speights, Marreese",M. Speights,marreese-speights,1987-08-04T00:00:00,Florida,USA,Florida/USA,6-10,255,11,5,Forward-Center,Inactive,N,1610612744,Warriors,GSW,warriors,Golden State,marreese_speights,2008,2017,N,Y,Y,2008,1,16,N
201941,Jordan,Hill,Jordan Hill,"Hill, Jordan",J. Hill,jordan-hill,1987-07-27T00:00:00,Arizona,USA,Arizona/USA,6-10,240,9,27,Forward-Center,Inactive,N,1610612747,Lakers,LAL,lakers,Los Angeles,jordan_hill,2009,2016,N,Y,Y,2009,1,8,N
101123,Gerald,Green,Gerald Green,"Green, Gerald",G. Green,gerald-green,1986-01-26T00:00:00,No College,USA,Gulf Shores Academy (TX)/USA,6-7,205,13,14,Guard-Forward,Inactive,N,1610612738,Celtics,BOS,celtics,Boston,gerald_green,2005,2018,Y,Y,Y,2005,1,18,N
203458,Alex,Len,Alex Len,"Len, Alex",A. Len,alex-len,1993-06-16T00:00:00,Maryland,Ukraine,Maryland/Ukraine,7-0,250,10,25,Center,Active,Y,1610612758,Kings,SAC,kings,Sacramento,alex_len,2013,2023,N,Y,Y,2013,1,5,N
202330,Gordon,Hayward,Gordon Hayward,"Hayward, Gordon",G. Hayward,gordon-hayward,1990-03-23T00:00:00,Butler,USA,Butler/USA,6-7,225,13,33,Forward,Active,Y,1610612760,Thunder,OKC,thunder,Oklahoma City,gordon_hayward,2010,2023,N,Y,Y,2010,1,9,N
202331,Paul,George,Paul George,"George, Paul",P. George,paul-george,1990-05-02T00:00:00,Fresno State,USA,Fresno State/USA,6-8,220,13,13,Forward,Active,Y,1610612746,Clippers,LAC,clippers,LA,paul_george,2010,2023,N,Y,Y,2010,1,10,N
2203,Shane,Battier,Shane Battier,"Battier, Shane",S. Battier,shane-battier,1978-09-09T00:00:00,Duke,USA,Duke/USA,6-8,220,13,31,Forward,Inactive,N,1610612763,Grizzlies,MEM,grizzlies,Memphis,shane_battier,2001,2013,N,Y,Y,2001,1,6,N
2440,Matt,Barnes,Matt Barnes,"Barnes, Matt",M. Barnes,matt-barnes,1980-03-09T00:00:00,UCLA,USA,UCLA/USA,6-7,226,15,22,Forward,Inactive,N,1610612746,Clippers,LAC,clippers,Los Angeles,matt_barnes,2002,2016,N,Y,Y,2002,2,45,N
202087,Alonzo,Gee,Alonzo Gee,"Gee, Alonzo",A. Gee,alonzo-gee,1987-05-29T00:00:00,Alabama,USA,Alabama/USA,6-6,225,8,,Forward,Inactive,N,0,,,,,alonzo_gee,2009,2016,Y,Y,Y,Undrafted,Undrafted,Undrafted,N
201589,Darrell,Arthur,Darrell Arthur,"Arthur, Darrell",D. Arthur,darrell-arthur,1988-03-25T00:00:00,Kansas,USA,Kansas/USA,6-9,235,10,00,Forward,Inactive,N,1610612743,Nuggets,DEN,nuggets,Denver,darrell_arthur,2008,2017,N,Y,Y,2008,1,27,N
203141,Mirza,Teletovic,Mirza Teletovic,"Teletovic, Mirza",M. Teletovic,mirza-teletovic,1985-09-17T00:00:00,Baskonia,Bosnia and Herzegovina,Baskonia/Bosnia and Herzegovina,6-9,242,6,,Forward,Inactive,N,0,,,,,mirza_teletovic,2012,2017,N,Y,Y,Undrafted,Undrafted,Undrafted,N
951,Ray,Allen,Ray Allen,"Allen, Ray",R. Allen,ray-allen,1975-07-20T00:00:00,Connecticut,USA,Connecticut/USA,6-5,205,18,34,Guard,Inactive,N,1610612749,Bucks,MIL,bucks,Milwaukee,ray_allen,1996,2013,N,Y,Y,1996,1,5,Y
203081,Damian,Lillard,Damian Lillard,"Lillard, Damian",D. Lillard,damian-lillard,1990-07-15T00:00:00,Weber State,USA,Weber State/USA,6-2,195,11,0,Guard,Active,Y,1610612749,Bucks,MIL,bucks,Milwaukee,damian_lillard,2012,2023,N,Y,Y,2012,1,6,Y
201946,Tyler,Hansbrough,Tyler Hansbrough,"Hansbrough, Tyler",T. Hansbrough,tyler-hansbrough,1985-11-03T00:00:00,North Carolina,USA,North Carolina/USA,,,8,,,Inactive,N,0,,,,,tyler_hansbrough,2009,2017,Y,Y,Y,2009,1,13,N
2549,Chris,Kaman,Chris Kaman,"Kaman, Chris",C. Kaman,chris-kaman,1982-04-28T00:00:00,Central Michigan,USA,Central Michigan/USA,7-0,265,14,35,Center,Inactive,N,1610612746,Clippers,LAC,clippers,Los Angeles,chris_kaman,2003,2015,N,Y,Y,2003,1,6,N
1905,Andrei,Kirilenko,Andrei Kirilenko,"Kirilenko, Andrei",A. Kirilenko,andrei-kirilenko,1981-02-18T00:00:00,CSKA Moscow,Russia,CSKA Moscow/Russia,6-9,235,13,,Forward,Inactive,N,0,,,,,andrei_kirilenko,2001,2014,N,Y,Y,1999,1,24,N
2399,Mike,Dunleavy,Mike Dunleavy,"Dunleavy, Mike",M. Dunleavy,mike-dunleavy,1980-09-15T00:00:00,Duke,USA,Duke/USA,6-9,230,16,34,Guard-Forward,Inactive,N,1610612744,Warriors,GSW,warriors,Golden State,mike_dunleavy,2002,2016,N,Y,Y,2002,1,3,N
1713,Vince,Carter,Vince Carter,"Carter, Vince",V. Carter,vince-carter,1977-01-26T00:00:00,North Carolina,USA,North Carolina/USA,6-6,220,23,15,Guard-Forward,Inactive,N,1610612761,Raptors,TOR,raptors,Toronto,vince_carter,1998,2019,N,Y,Y,1998,1,5,N
202334,Ed,Davis,Ed Davis,"Davis, Ed",E. Davis,ed-davis,1989-06-05T00:00:00,North Carolina,USA,North Carolina/USA,6-9,218,13,21,Center-Forward,Inactive,N,1610612739,Cavaliers,CLE,cavaliers,Cleveland,ed_davis,2010,2021,Y,Y,Y,2010,1,13,N
203144,Alexey,Shved,Alexey Shved,"Shved, Alexey",A. Shved,alexey-shved,1988-12-16T00:00:00,CSKA Moscow,Russia,CSKA Moscow/Russia,6-6,187,3,1,Guard,Inactive,N,1610612750,Timberwolves,MIN,timberwolves,Minnesota,alexey_shved,2012,2014,N,Y,Y,Undrafted,Undrafted,Undrafted,N
202336,Larry,Sanders,Larry Sanders,"Sanders, Larry",L. Sanders,larry-sanders,1988-11-21T00:00:00,Virginia Commonwealth,USA,Virginia Commonwealth/USA,6-11,230,6,,Forward-Center,Inactive,N,0,,,,,larry_sanders,2010,2016,Y,Y,Y,2010,1,15,N
202687,Bismack,Biyombo,Bismack Biyombo,"Biyombo, Bismack",B. Biyombo,bismack-biyombo,1992-08-28T00:00:00,Baloncesto Fuenlabrada,DRC,Baloncesto Fuenlabrada/DRC,6-8,255,12,15,Center,Active,Y,1610612760,Thunder,OKC,thunder,Oklahoma City,bismack_biyombo,2011,2023,N,Y,Y,2011,1,7,N
201585,Kosta,Koufos,Kosta Koufos,"Koufos, Kosta",K. Koufos,kosta-koufos,1989-02-24T00:00:00,Ohio State,USA,Ohio State/USA,7-0,245,12,41,Center,Inactive,N,1610612758,Kings,SAC,kings,Sacramento,kosta_koufos,2008,2018,Y,Y,Y,2008,1,23,N
2566,Travis,Outlaw,Travis Outlaw,"Outlaw, Travis",T. Outlaw,travis-outlaw,1984-09-18T00:00:00,Starkville HS (MS),USA,Starkville HS (MS)/USA,6-9,207,11,25,Forward,Inactive,N,1610612757,Trail Blazers,POR,blazers,Portland,travis_outlaw,2003,2013,N,Y,Y,2003,1,23,N
200751,Randy,Foye,Randy Foye,"Foye, Randy",R. Foye,randy-foye,1983-09-24T00:00:00,Villanova,USA,Villanova/USA,6-4,218,12,2,Guard,Inactive,N,1610612750,Timberwolves,MIN,timberwolves,Minnesota,randy_foye,2006,2016,N,Y,Y,2006,1,7,N
2748,Dorell,Wright,Dorell Wright,"Wright, Dorell",D. Wright,dorell-wright,1985-12-02T00:00:00,South Kent HS (CT),USA,South Kent HS (CT)/USA,6-9,205,12,11,Forward-Guard,Inactive,N,1610612748,Heat,MIA,heat,Miami,dorell_wright,2004,2015,Y,Y,Y,2004,1,19,N
203142,Chris,Copeland,Chris Copeland,"Copeland, Chris",C. Copeland,chris-copeland,1984-03-17T00:00:00,Colorado,USA,Colorado/USA,6-9,239,5,,Forward,Inactive,N,0,,,,,chris_copeland,2012,2015,N,Y,Y,Undrafted,Undrafted,Undrafted,N
203084,Harrison,Barnes,Harrison Barnes,"Barnes, Harrison",H. Barnes,harrison-barnes,1992-05-30T00:00:00,North Carolina,USA,North Carolina/USA,6-8,225,11,40,Forward,Active,Y,1610612758,Kings,SAC,kings,Sacramento,harrison_barnes,2012,2023,N,Y,Y,2012,1,7,N
200777,Joel,Freeland,Joel Freeland,"Freeland, Joel",J. Freeland,joel-freeland,1987-02-07T00:00:00,Malaga,United Kingdom,Malaga/United Kingdom,6-10,225,3,19,Center-Forward,Inactive,N,1610612757,Trail Blazers,POR,blazers,Portland,joel_freeland,2012,2014,Y,Y,Y,2006,1,30,N
203463,Ben,McLemore,Ben McLemore,"McLemore, Ben",B. McLemore,ben-mclemore,1993-02-11T00:00:00,Kansas,USA,Kansas/USA,6-3,195,10,23,Guard,Inactive,N,1610612757,Trail Blazers,POR,blazers,Portland,ben_mclemore,2013,2021,Y,Y,Y,2013,1,7,N
202688,Brandon,Knight,Brandon Knight,"Knight, Brandon",B. Knight,brandon-knight,1991-12-02T00:00:00,Kentucky,USA,Kentucky/USA,6-2,182,9,,Guard,Inactive,N,0,,,,,brandon_knight,2011,2021,Y,Y,Y,2011,1,8,N
101198,Will,Bynum,Will Bynum,"Bynum, Will",W. Bynum,will-bynum,1983-01-04T00:00:00,Georgia Tech,USA,Georgia Tech/USA,6-0,185,9,1,Guard,Inactive,N,1610612765,Pistons,DET,pistons,Detroit,will_bynum,2005,2014,Y,Y,Y,Undrafted,Undrafted,Undrafted,N
202338,Kevin,Seraphin,Kevin Seraphin,"Seraphin, Kevin",K. Seraphin,kevin-seraphin,1989-12-07T00:00:00,Cholet,France,Cholet/France,6-10,278,8,1,Forward-Center,Inactive,N,1610612764,Wizards,WAS,wizards,Washington,kevin_seraphin,2010,2016,N,Y,Y,2010,1,17,N
201158,Marco,Belinelli,Marco Belinelli,"Belinelli, Marco",M. Belinelli,marco-belinelli,1986-03-25T00:00:00,Fortitudo Bologna,Italy,Fortitudo Bologna/Italy,6-5,220,14,18,Guard,Inactive,N,1610612759,Spurs,SAS,spurs,San Antonio,marco_belinelli,2007,2019,N,Y,Y,2007,1,18,N
203082,Terrence,Ross,Terrence Ross,"Ross, Terrence",T. Ross,terrence-ross,1991-02-05T00:00:00,Washington,USA,Washington/USA,6-7,206,12,8,Guard-Forward,Inactive,N,1610612756,Suns,PHX,suns,Phoenix,terrence_ross,2012,2022,N,Y,Y,2012,1,8,N
203484,Kentavious,Caldwell-Pope,Kentavious Caldwell-Pope,"Caldwell-Pope, Kentavious",K. Caldwell-Pope,kentavious-caldwell-pope,1993-02-18T00:00:00,Georgia,USA,Georgia/USA,6-5,204,10,5,Guard,Active,Y,1610612743,Nuggets,DEN,nuggets,Denver,kentavious_caldwell-pope,2013,2023,N,Y,Y,2013,1,8,N
201961,Wayne,Ellington,Wayne Ellington,"Ellington, Wayne",W. Ellington,wayne-ellington,1987-11-29T00:00:00,North Carolina,USA,North Carolina/USA,6-4,207,14,2,Guard,Inactive,N,1610612747,Lakers,LAL,lakers,Los Angeles,wayne_ellington,2009,2021,N,Y,Y,2009,1,28,N
2590,Mo,Williams,Mo Williams,"Williams, Mo",M. Williams,mo-williams,1982-12-19T00:00:00,Alabama,USA,Alabama/USA,6-1,198,14,52,Guard,Inactive,N,1610612749,Bucks,MIL,bucks,Milwaukee,mo_williams,2003,2015,N,Y,Y,2003,2,47,N
202339,Eric,Bledsoe,Eric Bledsoe,"Bledsoe, Eric",E. Bledsoe,eric-bledsoe,1989-12-09T00:00:00,Kentucky,USA,Kentucky/USA,6-1,214,13,5,Guard,Inactive,N,1610612757,Trail Blazers,POR,blazers,Portland,eric_bledsoe,2010,2021,Y,Y,Y,2010,1,18,N
2555,Nick,Collison,Nick Collison,"Collison, Nick",N. Collison,nick-collison,1980-10-26T00:00:00,Kansas,USA,Kansas/USA,6-10,255,15,4,Forward-Center,Inactive,N,1610612760,Thunder,OKC,thunder,Oklahoma City,nick_collison,2003,2017,N,Y,Y,2003,1,12,N
202689,Kemba,Walker,Kemba Walker,"Walker, Kemba",K. Walker,kemba-walker,1990-05-08T00:00:00,Connecticut,USA,Connecticut/USA,6-0,184,12,,Guard,Inactive,N,0,,,,,kemba_walker,2011,2022,N,Y,Y,2011,1,9,N
201960,DeMarre,Carroll,DeMarre Carroll,"Carroll, DeMarre",D. Carroll,demarre-carroll,1986-07-27T00:00:00,Missouri,USA,Missouri/USA,6-6,215,12,9,Forward,Inactive,N,1610612737,Hawks,ATL,hawks,Atlanta,demarre_carroll,2009,2019,Y,Y,Y,2009,1,27,N
202340,Avery,Bradley,Avery Bradley,"Bradley, Avery",A. Bradley,avery-bradley,1990-11-26T00:00:00,Texas,USA,Texas/USA,6-3,180,13,20,Guard,Inactive,N,1610612747,Lakers,LAL,lakers,Los Angeles,avery_bradley,2010,2021,Y,Y,Y,2010,1,19,N
1497,Chauncey,Billups,Chauncey Billups,"Billups, Chauncey",C. Billups,chauncey-billups,1976-09-25T00:00:00,Colorado,USA,Colorado/USA,6-3,210,17,1,Guard,Inactive,N,1610612765,Pistons,DET,pistons,Detroit,chauncey_billups,1997,2013,N,Y,Y,1997,1,3,N
201160,Jason,Smith,Jason Smith,"Smith, Jason",J. Smith,jason-smith,1986-03-02T00:00:00,Colorado State,USA,Colorado State/USA,7-0,240,11,,Forward-Center,Inactive,N,0,,,,,jason_smith,2007,2018,N,Y,Y,2007,1,20,N
203083,Andre,Drummond,Andre Drummond,"Drummond, Andre",A. Drummond,andre-drummond,1993-08-10T00:00:00,Connecticut,USA,Connecticut/USA,6-11,279,11,3,Center,Active,Y,1610612741,Bulls,CHI,bulls,Chicago,andre_drummond,2012,2023,N,Y,Y,2012,1,9,N
203504,Trey,Burke,Trey Burke,"Burke, Trey",T. Burke,trey-burke,1992-11-12T00:00:00,Michigan,USA,Michigan/USA,6-0,185,10,3,Guard,Inactive,N,1610612742,Mavericks,DAL,mavericks,Dallas,trey_burke,2013,2021,Y,Y,Y,2013,1,9,N
202344,Trevor,Booker,Trevor Booker,"Booker, Trevor",T. Booker,trevor-booker,1987-11-25T00:00:00,Clemson,USA,Clemson/USA,6-8,228,8,20,Forward,Inactive,N,1610612764,Wizards,WAS,wizards,Washington,trevor_booker,2010,2017,N,Y,Y,2010,1,23,N
203085,Austin,Rivers,Austin Rivers,"Rivers, Austin",A. Rivers,austin-rivers,1992-08-01T00:00:00,Duke,USA,Duke/USA,6-4,200,12,25,Guard,Inactive,N,1610612750,Timberwolves,MIN,timberwolves,Minnesota,austin_rivers,2012,2022,N,Y,Y,2012,1,10,N
202691,Klay,Thompson,Klay Thompson,"Thompson, Klay",K. Thompson,klay-thompson,1990-02-08T00:00:00,Washington State,USA,Washington State/USA,6-6,220,10,11,Guard,Active,Y,1610612744,Warriors,GSW,warriors,Golden State,klay_thompson,2011,2023,N,Y,Y,2011,1,11,N
203468,CJ,McCollum,CJ McCollum,"McCollum, CJ",C. McCollum,cj-mccollum,1991-09-19T00:00:00,Lehigh,USA,Lehigh/USA,6-3,190,10,3,Guard,Active,Y,1610612740,Pelicans,NOP,pelicans,New Orleans,cj_mccollum,2013,2023,Y,Y,Y,2013,1,10,N
202347,Quincy,Pondexter,Quincy Pondexter,"Pondexter, Quincy",Q. Pondexter,quincy-pondexter,1988-03-10T00:00:00,Washington,USA,Washington/USA,6-7,230,8,3,Forward,Inactive,N,1610612763,Grizzlies,MEM,grizzlies,Memphis,quincy_pondexter,2010,2018,N,Y,Y,2010,1,26,N
101139,CJ,Miles,CJ Miles,"Miles, CJ",C. Miles,cj-miles,1987-03-18T00:00:00,Skyline HS (TX),USA,Skyline HS (TX)/USA,6-6,220,16,,Guard,Inactive,N,0,,,,,cj_miles,2005,2021,Y,Y,Y,2005,2,34,N
203086,Meyers,Leonard,Meyers Leonard,"Leonard, Meyers",M. Leonard,meyers-leonard,1992-02-27T00:00:00,Illinois,USA,Illinois/USA,7-0,260,11,3,Forward-Center,Inactive,N,1610612749,Bucks,MIL,bucks,Milwaukee,meyers_leonard,2012,2022,N,Y,Y,2012,1,11,N
202692,Alec,Burks,Alec Burks,"Burks, Alec",A. Burks,alec-burks,1991-07-20T00:00:00,Colorado,USA,Colorado/USA,6-5,214,12,18,Guard,Active,Y,1610612752,Knicks,NYK,knicks,New York,alec_burks,2011,2023,Y,Y,Y,2011,1,12,N
203487,Michael,Carter-Williams,Michael Carter-Williams,"Carter-Williams, Michael",M. Carter-Williams,michael-carter-williams,1991-10-10T00:00:00,Syracuse,USA,Syracuse/USA,6-5,190,10,11,Guard,Inactive,N,1610612753,Magic,ORL,magic,Orlando,michael_carter-williams,2013,2022,Y,Y,Y,2013,1,11,N
201967,Dante,Cunningham,Dante Cunningham,"Cunningham, Dante",D. Cunningham,dante-cunningham,1987-04-22T00:00:00,Villanova,USA,Villanova/USA,6-8,230,11,33,Forward,Inactive,N,1610612740,Pelicans,NOP,pelicans,New Orleans,dante_cunningham,2009,2018,N,Y,Y,2009,2,33,N
203087,Jeremy,Lamb,Jeremy Lamb,"Lamb, Jeremy",J. Lamb,jeremy-lamb,1992-05-30T00:00:00,Connecticut,USA,Connecticut/USA,6-5,180,11,26,Guard-Forward,Inactive,Y,1610612758,Kings,SAC,kings,Sacramento,jeremy_lamb,2012,2021,Y,Y,Y,2012,1,12,N
202693,Markieff,Morris,Markieff Morris,"Morris, Markieff",M. Morris,markieff-morris,1989-09-02T00:00:00,Kansas,USA,Kansas/USA,6-9,245,12,88,Forward,Active,Y,1610612742,Mavericks,DAL,mavericks,Dallas,markieff_morris,2011,2023,N,Y,Y,2011,1,13,N
203500,Steven,Adams,Steven Adams,"Adams, Steven",S. Adams,steven-adams,1993-07-20T00:00:00,Pittsburgh,New Zealand,Pittsburgh/New Zealand,6-11,265,10,12,Center,Active,Y,1610612745,Rockets,HOU,rockets,Houston,steven_adams,2013,2023,N,Y,Y,2013,1,12,N
201228,C.J.,Watson,C.J. Watson,"Watson, C.J.",C. Watson,cj-watson,1984-04-17T00:00:00,Tennessee,USA,Tennessee/USA,6-2,175,11,32,Guard,Inactive,N,1610612744,Warriors,GSW,warriors,Golden State,c.j._watson,2007,2016,Y,Y,Y,Undrafted,Undrafted,Undrafted,N
101126,Nate,Robinson,Nate Robinson,"Robinson, Nate",N. Robinson,nate-robinson,1984-05-31T00:00:00,Washington,USA,Washington/USA,5-9,180,11,,Guard,Inactive,N,0,,,,,nate_robinson,2005,2015,Y,Y,Y,2005,1,21,N
979,Jermaine,O'Neal,Jermaine O'Neal,"O'Neal, Jermaine",J. O'Neal,jermaine-oneal,1978-10-13T00:00:00,Eau Claire HS (SC),USA,Eau Claire HS (SC)/USA,6-11,255,18,7,Center-Forward,Inactive,N,1610612754,Pacers,IND,pacers,Indiana,jermaine_o'neal,1996,2013,N,Y,Y,1996,1,17,N
203543,Vitor,Faverani,Vitor Faverani,"Faverani, Vitor",V. Faverani,vitor-faverani,1988-05-05T00:00:00,Valencia,Brazil,Valencia/Brazil,6-11,260,2,38,Center,Inactive,N,1610612738,Celtics,BOS,celtics,Boston,vitor_faverani,2013,2013,Y,Y,Y,Undrafted,Undrafted,Undrafted,N
202694,Marcus,Morris Sr.,Marcus Morris Sr.,"Morris Sr., Marcus",M. Morris Sr.,marcus-morris-sr,1989-09-02T00:00:00,Kansas,USA,Kansas/USA,6-8,218,12,24,Forward,Active,Y,1610612739,Cavaliers,CLE,cavaliers,Cleveland,marcus_morris,2011,2023,Y,Y,Y,2011,1,14,N
203482,Kelly,Olynyk,Kelly Olynyk,"Olynyk, Kelly",K. Olynyk,kelly-olynyk,1991-04-19T00:00:00,Gonzaga,Canada,Gonzaga/Canada,6-11,240,10,41,Forward-Center,Active,Y,1610612761,Raptors,TOR,raptors,Toronto,kelly_olynyk,2013,2023,N,Y,Y,2013,1,13,N
203089,John,Henson,John Henson,"Henson, John",J. Henson,john-henson,1990-12-28T00:00:00,North Carolina,USA,North Carolina/USA,6-9,219,9,31,Forward-Center,Inactive,N,1610612749,Bucks,MIL,bucks,Milwaukee,john_henson,2012,2019,N,Y,Y,2012,1,14,N
201954,Darren,Collison,Darren Collison,"Collison, Darren",D. Collison,darren-collison,1987-08-23T00:00:00,UCLA,USA,UCLA/USA,6-0,160,11,,Guard,Inactive,N,0,,,,,darren_collison,2009,2021,Y,Y,Y,2009,1,21,N
202695,Kawhi,Leonard,Kawhi Leonard,"Leonard, Kawhi",K. Leonard,kawhi-leonard,1991-06-29T00:00:00,San Diego State,USA,San Diego State/USA,6-7,225,11,2,Forward,Active,Y,1610612746,Clippers,LAC,clippers,LA,kawhi_leonard,2011,2023,N,Y,Y,2011,1,15,Y
203498,Shabazz,Muhammad,Shabazz Muhammad,"Muhammad, Shabazz",S. Muhammad,shabazz-muhammad,1992-11-13T00:00:00,UCLA,USA,UCLA/USA,6-6,221,6,15,Guard-Forward,Inactive,N,1610612750,Timberwolves,MIN,timberwolves,Minnesota,shabazz_muhammad,2013,2017,Y,Y,Y,2013,1,14,N
203090,Maurice,Harkless,Maurice Harkless,"Harkless, Maurice",M. Harkless,maurice-harkless,1993-05-11T00:00:00,"St. John's, N.Y.",USA,St. John's/USA,6-7,220,11,8,Forward-Guard,Inactive,N,1610612758,Kings,SAC,kings,Sacramento,maurice_harkless,2012,2021,Y,Y,Y,2012,1,15,N
202696,Nikola,Vucevic,Nikola Vucevic,"Vucevic, Nikola",N. Vucevic,nikola-vucevic,1990-10-24T00:00:00,Southern California,Montenegro,Southern California/Montenegro,6-10,260,12,9,Center,Active,Y,1610612741,Bulls,CHI,bulls,Chicago,nikola_vucevic,2011,2023,N,Y,Y,2011,1,16,N
203507,Giannis,Antetokounmpo,Giannis Antetokounmpo,"Antetokounmpo, Giannis",G. Antetokounmpo,giannis-antetokounmpo,1994-12-06T00:00:00,Filathlitikos,Greece,Filathlitikos/Greece,6-11,243,10,34,Forward,Active,Y,1610612749,Bucks,MIL,bucks,Milwaukee,giannis_antetokounmpo,2013,2023,N,Y,Y,2013,1,15,Y
201576,Anthony,Randolph,Anthony Randolph,"Randolph, Anthony",A. Randolph,anthony-randolph,1989-07-15T00:00:00,Louisiana State,USA,Louisiana State/USA,,,6,,,Inactive,N,0,,,,,anthony_randolph,2008,2016,N,Y,Y,2008,1,14,N
201965,Jeff,Ayres,Jeff Ayres,"Ayres, Jeff",J. Ayres,jeff-ayres,1987-04-29T00:00:00,Arizona State,USA,Arizona State/USA,6-9,250,7,19,Forward-Center,Inactive,N,1610612759,Spurs,SAS,spurs,San Antonio,jeff_ayres,2009,2015,Y,Y,Y,2009,2,31,N
202697,Iman,Shumpert,Iman Shumpert,"Shumpert, Iman",I. Shumpert,iman-shumpert,1990-06-26T00:00:00,Georgia Tech,USA,Georgia Tech/USA,6-5,212,10,,Guard,Inactive,N,0,,,,,iman_shumpert,2011,2020,N,Y,Y,2011,1,17,N
202379,Jeremy,Evans,Jeremy Evans,"Evans, Jeremy",J. Evans,jeremy-evans,1987-10-24T00:00:00,Western Kentucky,USA,Western Kentucky/USA,6-9,200,7,6,Forward,Inactive,N,1610612762,Jazz,UTA,jazz,Utah,jeremy_evans,2010,2017,Y,Y,Y,2010,2,55,N
203092,Tyler,Zeller,Tyler Zeller,"Zeller, Tyler",T. Zeller,tyler-zeller,1990-01-17T00:00:00,North Carolina,USA,North Carolina/USA,6-11,250,9,40,Forward-Center,Inactive,N,1610612738,Celtics,BOS,celtics,Boston,tyler_zeller,2012,2019,N,Y,Y,2012,1,17,N
202698,Chris,Singleton,Chris Singleton,"Singleton, Chris",C. Singleton,chris-singleton,1989-11-21T00:00:00,Florida State,USA,Florida State/USA,6-9,228,3,31,Forward,Inactive,N,1610612764,Wizards,WAS,wizards,Washington,chris_singleton,2011,2013,Y,Y,Y,2011,1,18,N
101249,John,Lucas III,John Lucas III,"Lucas III, John",J. Lucas III,john-lucas-iii,1982-11-21T00:00:00,Oklahoma State,USA,Oklahoma State/USA,5-11,166,8,,Guard,Inactive,N,0,,,,,john_lucas iii,2005,2016,Y,Y,Y,Undrafted,Undrafted,Undrafted,N
203143,Pablo,Prigioni,Pablo Prigioni,"Prigioni, Pablo",P. Prigioni,pablo-prigioni,1977-05-17T00:00:00,Baskonia,Argentina,Baskonia/Argentina,6-3,185,5,9,Guard,Inactive,N,1610612752,Knicks,NYK,knicks,New York,pablo_prigioni,2012,2015,N,Y,Y,Undrafted,Undrafted,Undrafted,N
201975,Jodie,Meeks,Jodie Meeks,"Meeks, Jodie",J. Meeks,jodie-meeks,1987-08-21T00:00:00,Kentucky,USA,Kentucky/USA,6-4,210,11,20,Guard,Inactive,N,1610612755,76ers,PHI,sixers,Philadelphia,jodie_meeks,2009,2018,Y,Y,Y,2009,2,41,N
202699,Tobias,Harris,Tobias Harris,"Harris, Tobias",T. Harris,tobias-harris,1992-07-15T00:00:00,Tennessee,USA,Tennessee/USA,6-8,226,12,12,Forward,Active,Y,1610612755,76ers,PHI,sixers,Philadelphia,tobias_harris,2011,2023,N,Y,Y,2011,1,19,N
203499,Shane,Larkin,Shane Larkin,"Larkin, Shane",S. Larkin,shane-larkin,1992-10-02T00:00:00,Miami,USA,Miami/USA,5-11,175,4,8,Guard,Inactive,N,1610612751,Nets,BKN,nets,Brooklyn,shane_larkin,2013,2017,Y,Y,Y,2013,1,18,N
101142,Ronny,Turiaf,Ronny Turiaf,"Turiaf, Ronny",R. Turiaf,ronny-turiaf,1983-01-13T00:00:00,Gonzaga,France,Gonzaga/France,6-10,249,10,,Center,Inactive,N,0,,,,,ronny_turiaf,2005,2014,N,Y,Y,2005,2,37,N
203545,Miroslav,Raduljica,Miroslav Raduljica,"Raduljica, Miroslav",M. Raduljica,miroslav-raduljica,1988-01-05T00:00:00,Efes Pilsen,Serbia,Efes Pilsen/Serbia,7-0,250,2,,Center,Inactive,N,0,,,,,miroslav_raduljica,2013,2014,N,Y,Y,Undrafted,Undrafted,Undrafted,N
2592,James,Jones,James Jones,"Jones, James",J. Jones,james-jones,1980-10-04T00:00:00,Miami,USA,Miami/USA,6-8,218,15,1,Guard-Forward,Inactive,N,1610612748,Heat,MIA,heat,Miami,james_jones,2003,2016,N,Y,Y,2003,2,49,N
202970,Gustavo,Ayon,Gustavo Ayon,"Ayon, Gustavo",G. Ayon,gustavo-ayon,1985-04-01T00:00:00,Baloncesto Fuenlabrada,Mexico,Baloncesto Fuenlabrada/Mexico,,,3,,,Inactive,N,0,,,,,gustavo_ayon,2011,2016,N,Y,Y,Undrafted,Undrafted,Undrafted,N
203508,Sergey,Karasev,Sergey Karasev,"Karasev, Sergey",S. Karasev,sergey-karasev,1993-10-26T00:00:00,Zenit Saint Petersburg,Russia,Zenit Saint Petersburg/Russia,6-7,208,4,10,Guard-Forward,Inactive,N,1610612751,Nets,BKN,nets,Brooklyn,sergey_karasev,2013,2015,Y,Y,Y,2013,1,19,N
203095,Evan,Fournier,Evan Fournier,"Fournier, Evan",E. Fournier,evan-fournier,1992-10-29T00:00:00,Poitiers Basket 86,France,Poitiers Basket 86/France,6-6,205,11,31,Guard-Forward,Active,Y,1610612765,Pistons,DET,pistons,Detroit,evan_fournier,2012,2023,N,Y,Y,2012,1,20,N
203503,Tony,Snell,Tony Snell,"Snell, Tony",T. Snell,tony-snell,1991-11-10T00:00:00,New Mexico,USA,New Mexico/USA,6-6,213,10,21,Guard,Inactive,N,1610612740,Pelicans,NOP,pelicans,New Orleans,tony_snell,2013,2021,Y,Y,Y,2013,1,20,N
2584,Willie,Green,Willie Green,"Green, Willie",W. Green,willie-green,1981-07-28T00:00:00,Detroit,USA,Detroit/USA,6-3,205,12,34,Guard,Inactive,N,1610612755,76ers,PHI,sixers,Philadelphia,willie_green,2003,2014,N,Y,Y,2003,2,41,N
1740,Rashard,Lewis,Rashard Lewis,"Lewis, Rashard",R. Lewis,rashard-lewis,1979-08-08T00:00:00,Elsik HS (TX),USA,Elsik HS (TX)/USA,6-10,235,16,9,Forward,Inactive,N,1610612760,SuperSonics,SEA,thunder,Seattle,rashard_lewis,1998,2013,N,Y,Y,1998,2,32,N
2365,Chris,Andersen,Chris Andersen,"Andersen, Chris",C. Andersen,chris-andersen,1978-07-07T00:00:00,Blinn J.C.,USA,Blinn J.C./USA,6-10,245,15,,Forward-Center,Inactive,N,0,,,,,chris_andersen,2001,2016,N,Y,Y,Undrafted,Undrafted,Undrafted,N
203816,Scotty,Hopson,Scotty Hopson,"Hopson, Scotty",S. Hopson,scotty-hopson,1989-08-08T00:00:00,Tennessee,USA,Tennessee/USA,6-7,204,4,,Guard-Forward,Inactive,N,0,,,,,scotty_hopson,2013,2021,Y,Y,Y,2011,0,0,N
101154,Andray,Blatche,Andray Blatche,"Blatche, Andray",A. Blatche,andray-blatche,1986-08-22T00:00:00,South Kent HS (CT),USA,South Kent HS (CT)/USA,6-11,260,9,0,Center-Forward,Inactive,N,1610612764,Wizards,WAS,wizards,Washington,andray_blatche,2005,2013,Y,Y,Y,2005,2,49,N
202702,Kenneth,Faried,Kenneth Faried,"Faried, Kenneth",K. Faried,kenneth-faried,1989-11-19T00:00:00,Morehead State,USA,Morehead State/USA,6-8,220,9,35,Forward-Center,Inactive,N,1610612743,Nuggets,DEN,nuggets,Denver,kenneth_faried,2011,2018,Y,Y,Y,2011,1,22,N
203096,Jared,Sullinger,Jared Sullinger,"Sullinger, Jared",J. Sullinger,jared-sullinger,1992-03-04T00:00:00,Ohio State,USA,Ohio State/USA,6-9,260,5,,Center-Forward,Inactive,N,0,,,,,jared_sullinger,2012,2016,Y,Y,Y,2012,1,21,N
203476,Gorgui,Dieng,Gorgui Dieng,"Dieng, Gorgui",G. Dieng,gorgui-dieng,1990-01-18T00:00:00,Louisville,Senegal,Louisville/Senegal,6-10,248,11,41,Center,Inactive,N,1610612759,Spurs,SAS,spurs,San Antonio,gorgui_dieng,2013,2022,N,Y,Y,2013,1,21,N
203471,Dennis,Schroder,Dennis Schroder,"Schroder, Dennis",D. Schroder,dennis-schroder,1993-09-15T00:00:00,Braunschweig,Germany,Braunschweig/Germany,6-1,175,10,17,Guard,Active,Y,1610612751,Nets,BKN,nets,Brooklyn,dennis_schroder,2013,2023,Y,Y,Y,2013,1,17,N
201964,Victor,Claver,Victor Claver,"Claver, Victor",V. Claver,victor-claver,1988-08-30T00:00:00,Valencia,Spain,Valencia/Spain,,,3,,,Inactive,N,0,,,,,victor_claver,2012,2016,Y,Y,Y,2009,1,22,N
203486,Mason,Plumlee,Mason Plumlee,"Plumlee, Mason",M. Plumlee,mason-plumlee,1990-03-05T00:00:00,Duke,USA,Duke/USA,6-10,254,10,44,Forward-Center,Active,Y,1610612746,Clippers,LAC,clippers,LA,mason_plumlee,2013,2023,Y,Y,Y,2013,1,22,N
101128,Francisco,Garcia,Francisco Garcia,"Garcia, Francisco",F. Garcia,francisco-garcia,1981-12-31T00:00:00,Louisville,Dominican Republic,Louisville/Dominican Republic,6-7,215,10,32,Guard-Forward,Inactive,N,0,,,,,francisco_garcia,2005,2014,N,Y,Y,2005,1,23,N
202704,Reggie,Jackson,Reggie Jackson,"Jackson, Reggie",R. Jackson,reggie-jackson,1990-04-16T00:00:00,Boston College,USA,Boston College/USA,6-2,208,12,7,Guard,Active,Y,1610612743,Nuggets,DEN,nuggets,Denver,reggie_jackson,2011,2023,Y,Y,Y,2011,1,24,N
203098,John,Jenkins,John Jenkins,"Jenkins, John",J. Jenkins,john-jenkins,1991-03-06T00:00:00,Vanderbilt,USA,Vanderbilt/USA,6-4,215,7,30,Guard,Inactive,N,1610612737,Hawks,ATL,hawks,Atlanta,john_jenkins,2012,2018,Y,Y,Y,2012,1,23,N
203524,Solomon,Hill,Solomon Hill,"Hill, Solomon",S. Hill,solomon-hill,1991-03-18T00:00:00,Arizona,USA,Arizona/USA,6-6,226,9,,Forward,Inactive,N,0,,,,,solomon_hill,2013,2021,Y,Y,Y,2013,1,23,N
201934,Hasheem,Thabeet,Hasheem Thabeet,"Thabeet, Hasheem",H. Thabeet,hasheem-thabeet,1987-02-16T00:00:00,Connecticut,Tanzania,Connecticut/Tanzania,7-3,263,5,34,Center,Inactive,N,1610612763,Grizzlies,MEM,grizzlies,Memphis,hasheem_thabeet,2009,2013,Y,Y,Y,2009,1,2,N
203544,Pero,Antic,Pero Antic,"Antic, Pero",P. Antic,pero-antic,1982-07-29T00:00:00,Olympiacos,Macedonia,Olympiacos/Macedonia,6-11,260,2,6,Forward-Center,Inactive,N,1610612737,Hawks,ATL,hawks,Atlanta,pero_antic,2013,2014,N,Y,Y,Undrafted,Undrafted,Undrafted,N
203501,Tim,Hardaway Jr.,Tim Hardaway Jr.,"Hardaway Jr., Tim",T. Hardaway Jr.,tim-hardaway-jr,1992-03-16T00:00:00,Michigan,USA,Michigan/USA,6-5,205,10,10,Guard-Forward,Active,Y,1610612742,Mavericks,DAL,mavericks,Dallas,tim_hardaway_jr,2013,2023,Y,Y,Y,2013,1,24,N
203100,Tony,Wroten,Tony Wroten,"Wroten, Tony",T. Wroten,tony-wroten,1993-04-13T00:00:00,Washington,USA,Washington/USA,6-6,205,5,5,Guard,Inactive,N,1610612755,76ers,PHI,sixers,Philadelphia,tony_wroten,2012,2015,Y,Y,Y,2012,1,25,N
203493,Reggie,Bullock Jr.,Reggie Bullock Jr.,"Bullock Jr., Reggie",R. Bullock Jr.,reggie-bullock-jr,1991-03-16T00:00:00,North Carolina,USA,North Carolina/USA,6-6,205,10,25,Guard-Forward,Active,Y,1610612745,Rockets,HOU,rockets,Houston,reggie_bullock,2013,2023,Y,Y,Y,2013,1,25,N
201988,Patty,Mills,Patty Mills,"Mills, Patty",P. Mills,patty-mills,1988-08-11T00:00:00,St. Mary's,Australia,St. Mary's/Australia,6-2,180,14,8,Guard,Active,Y,1610612748,Heat,MIA,heat,Miami,patty_mills,2009,2023,Y,Y,Y,2009,2,55,N
203101,Miles,Plumlee,Miles Plumlee,"Plumlee, Miles",M. Plumlee,miles-plumlee,1988-09-01T00:00:00,Duke,USA,Duke/USA,6-11,249,8,18,Center,Inactive,N,1610612756,Suns,PHX,suns,Phoenix,miles_plumlee,2012,2018,Y,Y,Y,2012,1,26,N
202709,Cory,Joseph,Cory Joseph,"Joseph, Cory",C. Joseph,cory-joseph,1991-08-20T00:00:00,Texas,Canada,Texas/Canada,6-2,200,12,,Guard,Inactive,Y,0,,,,,cory_joseph,2011,2023,Y,Y,Y,2011,1,29,N
202710,Jimmy,Butler,Jimmy Butler,"Butler, Jimmy",J. Butler,jimmy-butler,1989-09-14T00:00:00,Marquette,USA,Marquette/USA,6-7,230,12,22,Forward,Active,Y,1610612748,Heat,MIA,heat,Miami,jimmy_butler,2011,2023,N,Y,Y,2011,1,30,N
201156,Nick,Young,Nick Young,"Young, Nick",N. Young,nick-young,1985-06-01T00:00:00,Southern California,USA,Southern California/USA,6-7,210,12,,Guard-Forward,Inactive,N,0,,,,,nick_young,2007,2018,N,Y,Y,2007,1,16,N
203102,Arnett,Moultrie,Arnett Moultrie,"Moultrie, Arnett",A. Moultrie,arnett-moultrie,1990-11-18T00:00:00,Mississippi State,USA,Mississippi State/USA,6-10,240,2,5,Forward,Inactive,N,1610612755,76ers,PHI,sixers,Philadelphia,arnett_moultrie,2012,2013,Y,Y,Y,2012,1,27,N
203103,Perry,Jones III,Perry Jones III,"Jones III, Perry",P. Jones III,perry-jones-iii,1991-09-24T00:00:00,Baylor,USA,Baylor/USA,6-11,235,4,3,Forward,Inactive,N,1610612760,Thunder,OKC,thunder,Oklahoma City,perry_jones iii,2012,2014,Y,Y,Y,2012,1,28,N
203497,Rudy,Gobert,Rudy Gobert,"Gobert, Rudy",R. Gobert,rudy-gobert,1992-06-26T00:00:00,Cholet,France,Cholet/France,7-1,258,10,27,Center,Active,Y,1610612750,Timberwolves,MIN,timberwolves,Minnesota,rudy_gobert,2013,2023,Y,Y,Y,2013,1,27,N
203462,Archie,Goodwin,Archie Goodwin,"Goodwin, Archie",A. Goodwin,archie-goodwin,1994-08-17T00:00:00,Kentucky,USA,Kentucky/USA,6-5,205,5,10,Guard,Inactive,N,1610612756,Suns,PHX,suns,Phoenix,archie_goodwin,2013,2016,Y,Y,Y,2013,1,29,N
203517,Nemanja,Nedovic,Nemanja Nedovic,"Nedovic, Nemanja",N. Nedovic,nemanja-nedovic,1991-06-16T00:00:00,Lietuvos rytas Vilnius,Serbia,Lietuvos rytas Vilnius/Serbia,6-3,192,2,8,Guard,Inactive,N,1610612744,Warriors,GSW,warriors,Golden State,nemanja_nedovic,2013,2013,Y,Y,Y,2013,1,30,N
202713,Kyle,Singler,Kyle Singler,"Singler, Kyle",K. Singler,kyle-singler,1988-05-04T00:00:00,Duke,USA,Duke/USA,6-8,228,6,15,Forward,Inactive,N,1610612765,Pistons,DET,pistons,Detroit,kyle_singler,2012,2017,N,Y,Y,2011,2,33,N
201627,Anthony,Morrow,Anthony Morrow,"Morrow, Anthony",A. Morrow,anthony-morrow,1985-09-27T00:00:00,Georgia Tech,USA,Georgia Tech/USA,6-5,210,10,11,Guard,Inactive,N,1610612760,Thunder,OKC,thunder,Oklahoma City,anthony_morrow,2008,2016,N,Y,Y,Undrafted,Undrafted,Undrafted,N
202362,Lance,Stephenson,Lance Stephenson,"Stephenson, Lance",L. Stephenson,lance-stephenson,1990-09-05T00:00:00,Cincinnati,USA,Cincinnati/USA,6-5,210,11,6,Forward,Inactive,N,1610612754,Pacers,IND,pacers,Indiana,lance_stephenson,2010,2021,Y,Y,Y,2010,2,40,N
202397,Ish,Smith,Ish Smith,"Smith, Ish",I. Smith,ish-smith,1988-07-05T00:00:00,Wake Forest,USA,Wake Forest/USA,6-0,175,13,,Guard,Inactive,Y,0,,,,,ish_smith,2010,2023,Y,Y,Y,Undrafted,Undrafted,Undrafted,N
201956,Omri,Casspi,Omri Casspi,"Casspi, Omri",O. Casspi,omri-casspi,1988-06-22T00:00:00,Maccabi Tel Aviv,Israel,Maccabi Tel Aviv/Israel,6-9,225,10,,Forward,Inactive,N,0,,,,,omri_casspi,2009,2018,N,Y,Y,2009,1,23,N
101187,Alan,Anderson,Alan Anderson,"Anderson, Alan",A. Anderson,alan-anderson,1982-10-16T00:00:00,Michigan State,USA,Michigan State/USA,6-6,220,9,9,Forward-Guard,Inactive,N,1610612751,Nets,BKN,nets,Brooklyn,alan_anderson,2005,2016,Y,Y,Y,Undrafted,Undrafted,Undrafted,N
202718,Chandler,Parsons,Chandler Parsons,"Parsons, Chandler",C. Parsons,chandler-parsons,1988-10-25T00:00:00,Florida,USA,Florida/USA,6-9,230,9,,Forward,Inactive,N,0,,,,,chandler_parsons,2011,2019,N,Y,Y,2011,2,38,N
202720,Jon,Leuer,Jon Leuer,"Leuer, Jon",J. Leuer,jon-leuer,1989-05-14T00:00:00,Wisconsin,USA,Wisconsin/USA,6-10,228,9,30,Forward,Inactive,N,1610612763,Grizzlies,MEM,grizzlies,Memphis,jon_leuer,2011,2018,Y,Y,Y,2011,2,40,N
202714,Shelvin,Mack,Shelvin Mack,"Mack, Shelvin",S. Mack,shelvin-mack,1990-04-22T00:00:00,Butler,USA,Butler/USA,6-3,203,9,6,Guard,Inactive,N,1610612737,Hawks,ATL,hawks,Atlanta,shelvin_mack,2011,2018,Y,Y,Y,2011,2,34,N
2457,Jannero,Pargo,Jannero Pargo,"Pargo, Jannero",J. Pargo,jannero-pargo,1979-10-22T00:00:00,Arkansas,USA,Arkansas/USA,6-1,185,11,,Guard,Inactive,N,0,,,,,jannero_pargo,2002,2014,Y,Y,Y,Undrafted,Undrafted,Undrafted,N
200797,Ryan,Hollins,Ryan Hollins,"Hollins, Ryan",R. Hollins,ryan-hollins,1984-10-10T00:00:00,UCLA,USA,UCLA/USA,7-0,240,10,,Center,Inactive,N,0,,,,,ryan_hollins,2006,2015,Y,Y,Y,2006,2,50,N
202066,Garrett,Temple,Garrett Temple,"Temple, Garrett",G. Temple,garrett-temple,1986-05-08T00:00:00,Louisiana State,USA,Louisiana State/USA,6-5,195,13,17,Guard-Forward,Active,Y,1610612761,Raptors,TOR,raptors,Toronto,garrett_temple,2009,2023,Y,Y,Y,Undrafted,Undrafted,Undrafted,N
202725,Josh,Harrellson,Josh Harrellson,"Harrellson, Josh",J. Harrellson,josh-harrellson,1989-02-12T00:00:00,Kentucky,USA,Kentucky/USA,6-10,275,4,55,Forward-Center,Inactive,N,1610612752,Knicks,NYK,knicks,New York,josh_harrellson,2011,2013,N,Y,Y,2011,2,45,N
202325,Wesley,Johnson,Wesley Johnson,"Johnson, Wesley",W. Johnson,wesley-johnson,1987-07-11T00:00:00,Syracuse,USA,Syracuse/USA,6-7,215,10,4,Forward-Guard,Inactive,N,1610612746,Clippers,LAC,clippers,LA,wesley_johnson,2010,2018,N,Y,Y,2010,1,4,N
1737,Nazr,Mohammed,Nazr Mohammed,"Mohammed, Nazr",N. Mohammed,nazr-mohammed,1977-09-05T00:00:00,Kentucky,USA,Kentucky/USA,6-10,250,19,13,Center,Inactive,N,1610612766,Bobcats,CHA,hornets,Charlotte,nazr_mohammed,1998,2015,N,Y,Y,1998,1,29,N
200770,Jordan,Farmar,Jordan Farmar,"Farmar, Jordan",J. Farmar,jordan-farmar,1986-11-30T00:00:00,UCLA,USA,UCLA/USA,6-2,180,10,,Guard,Inactive,N,0,,,,,jordan_farmar,2006,2016,Y,Y,Y,2006,1,26,N
2248,Earl,Watson,Earl Watson,"Watson, Earl",E. Watson,earl-watson,1979-06-12T00:00:00,UCLA,USA,UCLA/USA,6-1,199,13,17,Guard,Inactive,N,1610612760,Thunder,OKC,thunder,Oklahoma City,earl_watson,2001,2013,N,Y,Y,2001,2,39,N
202738,Isaiah,Thomas,Isaiah Thomas,"Thomas, Isaiah",I. Thomas,isaiah-thomas,1989-02-07T00:00:00,Washington,USA,Washington/USA,5-9,185,11,4,Guard,Active,Y,1610612756,Suns,PHX,suns,Phoenix,isaiah_thomas,2011,2023,Y,Y,Y,2011,2,60,N
201971,DeJuan,Blair,DeJuan Blair,"Blair, DeJuan",D. Blair,dejuan-blair,1989-04-22T00:00:00,Pittsburgh,USA,Pittsburgh/USA,6-7,270,7,,Center-Forward,Inactive,N,0,,,,,dejuan_blair,2009,2015,Y,Y,Y,2009,2,37,N
202734,E'Twaun,Moore,E'Twaun Moore,"Moore, E'Twaun",E. Moore,etwaun-moore,1989-02-25T00:00:00,Purdue,USA,Purdue/USA,6-3,191,11,55,Guard,Inactive,N,1610612756,Suns,PHX,suns,Phoenix,e'twaun_moore,2011,2020,N,Y,Y,2011,2,55,N
2446,Rasual,Butler,Rasual Butler,"Butler, Rasual",R. Butler,rasual-butler,1979-05-23T00:00:00,La Salle,USA,La Salle/USA,6-7,215,14,,Forward,Inactive,N,0,,,,,rasual_butler,2002,2015,Y,Y,Y,2002,2,52,N
202333,Xavier,Henry,Xavier Henry,"Henry, Xavier",X. Henry,xavier-henry,1991-03-15T00:00:00,Kansas,USA,Kansas/USA,6-6,220,6,,Forward-Guard,Inactive,N,0,,,,,xavier_henry,2010,2014,Y,Y,Y,2010,1,12,N
2030,Kenyon,Martin,Kenyon Martin,"Martin, Kenyon",K. Martin,kenyon-martin,1977-12-30T00:00:00,Cincinnati,USA,Cincinnati/USA,6-9,225,15,,Forward,Inactive,N,0,,,,,kenyon_martin,2000,2014,N,Y,Y,2000,1,1,N
201141,Greg,Oden,Greg Oden,"Oden, Greg",G. Oden,greg-oden,1988-01-22T00:00:00,Ohio State,USA,Ohio State/USA,7-0,273,4,20,Center,Inactive,N,1610612757,Trail Blazers,POR,blazers,Portland,greg_oden,2007,2013,N,Y,Y,2007,1,1,N
200782,P.J.,Tucker,P.J. Tucker,"Tucker, P.J.",P. Tucker,pj-tucker,1985-05-05T00:00:00,Texas,USA,Texas/USA,6-5,245,12,17,Forward,Active,Y,1610612746,Clippers,LAC,clippers,LA,pj_tucker,2006,2023,Y,Y,Y,2006,2,35,N
2733,Shaun,Livingston,Shaun Livingston,"Livingston, Shaun",S. Livingston,shaun-livingston,1985-09-11T00:00:00,Peoria Central HS (IL),USA,Peoria Central HS (IL)/USA,6-7,192,16,34,Guard,Inactive,N,1610612744,Warriors,GSW,warriors,Golden State,shaun_livingston,2004,2018,Y,Y,Y,2004,1,4,N
202388,Donald,Sloan,Donald Sloan,"Sloan, Donald",D. Sloan,donald-sloan,1988-01-15T00:00:00,Texas A&M,USA,Texas A&M/USA,6-3,205,6,15,Guard,Inactive,N,1610612754,Pacers,IND,pacers,Indiana,donald_sloan,2011,2015,Y,Y,Y,Undrafted,Undrafted,Undrafted,N
2034,Mike,Miller,Mike Miller,"Miller, Mike",M. Miller,mike-miller,1980-02-19T00:00:00,Florida,USA,Florida/USA,6-8,218,18,3,Guard-Forward,Inactive,N,1610612763,Grizzlies,MEM,grizzlies,Memphis,mike_miller,2000,2016,N,Y,Y,2000,1,5,N
2734,Devin,Harris,Devin Harris,"Harris, Devin",D. Harris,devin-harris,1983-02-27T00:00:00,Wisconsin,USA,Wisconsin/USA,6-3,185,16,34,Guard,Inactive,N,1610612742,Mavericks,DAL,mavericks,Dallas,devin_harris,2004,2018,N,Y,Y,2004,1,5,N
202933,Julyan,Stone,Julyan Stone,"Stone, Julyan",J. Stone,julyan-stone,1988-12-07T00:00:00,Texas-El Paso,USA,Texas-El Paso/USA,6-6,200,4,32,Guard,Inactive,N,1610612743,Nuggets,DEN,nuggets,Denver,julyan_stone,2011,2017,Y,Y,Y,Undrafted,Undrafted,Undrafted,N
201229,Anthony,Tolliver,Anthony Tolliver,"Tolliver, Anthony",A. Tolliver,anthony-tolliver,1985-06-01T00:00:00,Creighton,USA,Creighton/USA,6-8,240,14,43,Forward,Inactive,N,1610612765,Pistons,DET,pistons,Detroit,anthony_tolliver,2008,2020,Y,Y,Y,Undrafted,Undrafted,Undrafted,N
202332,Cole,Aldrich,Cole Aldrich,"Aldrich, Cole",C. Aldrich,cole-aldrich,1988-10-31T00:00:00,Kansas,USA,Kansas/USA,6-11,253,9,45,Center,Inactive,N,1610612752,Knicks,NYK,knicks,New York,cole_aldrich,2010,2017,Y,Y,Y,2010,1,11,N
203110,Draymond,Green,Draymond Green,"Green, Draymond",D. Green,draymond-green,1990-03-04T00:00:00,Michigan State,USA,Michigan State/USA,6-6,230,11,23,Forward,Active,Y,1610612744,Warriors,GSW,warriors,Golden State,draymond_green,2012,2023,N,Y,Y,2012,2,35,N
203459,Allen,Crabbe,Allen Crabbe,"Crabbe, Allen",A. Crabbe,allen-crabbe,1992-04-09T00:00:00,California,USA,California/USA,6-5,212,7,,Guard-Forward,Inactive,N,0,,,,,allen_crabbe,2013,2019,Y,Y,Y,2013,2,31,N
202343,Elliot,Williams,Elliot Williams,"Williams, Elliot",E. Williams,elliot-williams,1989-06-20T00:00:00,Memphis,USA,Memphis/USA,6-5,190,6,,Guard,Inactive,N,0,,,,,elliot_williams,2010,2015,Y,Y,Y,2010,1,22,N
203148,Brian,Roberts,Brian Roberts,"Roberts, Brian",B. Roberts,brian-roberts,1985-12-03T00:00:00,Dayton,USA,Dayton/USA,6-1,173,6,22,Guard,Inactive,N,1610612740,Pelicans,NOP,pelicans,New Orleans,brian_roberts,2012,2016,N,Y,Y,Undrafted,Undrafted,Undrafted,N
203106,Jeffery,Taylor,Jeffery Taylor,"Taylor, Jeffery",J. Taylor,jeffery-taylor,1989-05-23T00:00:00,Vanderbilt,Sweden,Vanderbilt/Sweden,,,3,,,Inactive,N,0,,,,,jeffery_taylor,2012,2016,Y,Y,Y,2012,2,31,N
203382,Aron,Baynes,Aron Baynes,"Baynes, Aron",A. Baynes,aron-baynes,1986-12-09T00:00:00,Washington State,Australia,Washington State/Australia,6-10,260,10,46,Center-Forward,Inactive,N,1610612765,Pistons,DET,pistons,Detroit,aron_baynes,2012,2020,Y,Y,Y,Undrafted,Undrafted,Undrafted,N
203115,Will,Barton,Will Barton,"Barton, Will",W. Barton,will-barton,1991-01-06T00:00:00,Memphis,USA,Memphis/USA,6-5,181,12,1,Guard,Inactive,N,1610612761,Raptors,TOR,raptors,Toronto,will_barton,2012,2022,Y,Y,Y,2012,2,40,N
203121,Darius,Miller,Darius Miller,"Miller, Darius",D. Miller,darius-miller,1990-03-21T00:00:00,Kentucky,USA,Kentucky/USA,6-6,225,6,,Forward,Inactive,N,0,,,,,darius_miller,2012,2020,Y,Y,Y,2012,2,46,N
203118,Mike,Scott,Mike Scott,"Scott, Mike",M. Scott,mike-scott,1988-07-16T00:00:00,Virginia,USA,Virginia/USA,6-7,237,10,1,Forward,Inactive,N,1610612737,Hawks,ATL,hawks,Atlanta,mike_scott,2012,2020,Y,Y,Y,2012,2,43,N
203124,Kyle,O'Quinn,Kyle O'Quinn,"O'Quinn, Kyle",K. O'Quinn,kyle-oquinn,1990-03-26T00:00:00,Norfolk State,USA,Norfolk State/USA,6-9,250,9,9,Center-Forward,Inactive,N,1610612752,Knicks,NYK,knicks,New York,kyle_o'quinn,2012,2019,N,Y,Y,2012,2,49,N
203114,Khris,Middleton,Khris Middleton,"Middleton, Khris",K. Middleton,khris-middleton,1991-08-12T00:00:00,Texas A&M,USA,Texas A&M/USA,6-7,222,11,22,Forward,Active,Y,1610612749,Bucks,MIL,bucks,Milwaukee,khris_middleton,2012,2023,Y,Y,Y,2012,2,39,N
203109,Jae,Crowder,Jae Crowder,"Crowder, Jae",J. Crowder,jae-crowder,1990-07-06T00:00:00,Marquette,USA,Marquette/USA,6-6,235,11,99,Forward,Active,Y,1610612749,Bucks,MIL,bucks,Milwaukee,jae_crowder,2012,2023,Y,Y,Y,2012,2,34,N
201976,Patrick,Beverley,Patrick Beverley,"Beverley, Patrick",P. Beverley,patrick-beverley,1988-07-12T00:00:00,Arkansas,USA,Arkansas/USA,6-2,180,11,21,Guard,Active,Y,1610612749,Bucks,MIL,bucks,Milwaukee,patrick_beverley,2012,2023,Y,Y,Y,2009,2,42,N
203108,Bernard,James,Bernard James,"James, Bernard",B. James,bernard-james,1985-02-07T00:00:00,Florida State,USA,Florida State/USA,6-10,235,3,55,Center,Inactive,N,1610612742,Mavericks,DAL,mavericks,Dallas,bernard_james,2012,2014,Y,Y,Y,2012,2,33,N
203135,Robert,Sacre,Robert Sacre,"Sacre, Robert",R. Sacre,robert-sacre,1989-06-06T00:00:00,Gonzaga,Canada,Gonzaga/Canada,7-0,270,5,50,Center,Inactive,N,1610612747,Lakers,LAL,lakers,Los Angeles,robert_sacre,2012,2015,Y,Y,Y,2012,2,60,N
203460,Andre,Roberson,Andre Roberson,"Roberson, Andre",A. Roberson,andre-roberson,1991-12-04T00:00:00,Colorado,USA,Colorado/USA,6-7,210,7,,Guard-Forward,Inactive,N,0,,,,,andre_roberson,2013,2020,Y,Y,Y,2013,1,26,N
203197,Diante,Garrett,Diante Garrett,"Garrett, Diante",D. Garrett,diante-garrett,1988-11-03T00:00:00,Iowa State,USA,Iowa State/USA,6-4,190,2,8,Guard,Inactive,N,1610612762,Jazz,UTA,jazz,Utah,diante_garrett,2012,2013,Y,Y,Y,Undrafted,Undrafted,Undrafted,N
202779,Dwight,Buycks,Dwight Buycks,"Buycks, Dwight",D. Buycks,dwight-buycks,1989-03-06T00:00:00,Marquette,USA,Marquette/USA,6-3,190,3,20,Guard,Inactive,N,1610612765,Pistons,DET,pistons,Detroit,dwight_buycks,2013,2017,Y,Y,Y,Undrafted,Undrafted,Undrafted,N
200756,Hilton,Armstrong,Hilton Armstrong,"Armstrong, Hilton",H. Armstrong,hilton-armstrong,1984-11-23T00:00:00,Connecticut,USA,Connecticut/USA,6-11,235,6,57,Forward-Center,Inactive,N,1610612740,Hornets,NOH,pelicans,New Orleans,hilton_armstrong,2006,2013,Y,Y,Y,2006,1,12,N
201604,Chris,Douglas-Roberts,Chris Douglas-Roberts,"Douglas-Roberts, Chris",C. Douglas-Roberts,chris-douglas-roberts,1987-01-08T00:00:00,Memphis,USA,Memphis/USA,6-7,210,7,,Guard,Inactive,N,0,,,,,chris_douglas-roberts,2008,2014,Y,Y,Y,2008,2,40,N
201582,Alexis,Ajinca,Alexis Ajinca,"Ajinca, Alexis",A. Ajinca,alexis-ajinca,1988-05-06T00:00:00,Hyeres-Toulon,France,Hyeres-Toulon/France,7-2,248,8,42,Center,Inactive,N,1610612740,Pelicans,NOP,pelicans,New Orleans,alexis_ajinca,2008,2017,Y,Y,Y,2008,1,20,N
201949,James,Johnson,James Johnson,"Johnson, James",J. Johnson,james-johnson,1987-02-20T00:00:00,Wake Forest,USA,Wake Forest/USA,6-7,240,14,16,Forward,Active,Y,1610612754,Pacers,IND,pacers,Indiana,james_johnson,2009,2023,Y,Y,Y,2009,1,16,N
203477,Isaiah,Canaan,Isaiah Canaan,"Canaan, Isaiah",I. Canaan,isaiah-canaan,1991-05-21T00:00:00,Murray State,USA,Murray State/USA,6-0,200,6,,Guard,Inactive,N,0,,,,,isaiah_canaan,2013,2018,Y,Y,Y,2013,2,34,N
202719,Jeremy,Tyler,Jeremy Tyler,"Tyler, Jeremy",J. Tyler,jeremy-tyler,1991-06-21T00:00:00,Tokyo Apache,USA,Tokyo Apache/USA,6-10,250,4,4,Forward,Inactive,N,1610612744,Warriors,GSW,warriors,Golden State,jeremy_tyler,2011,2013,Y,Y,Y,2011,2,39,N
203088,Kendall,Marshall,Kendall Marshall,"Marshall, Kendall",K. Marshall,kendall-marshall,1991-08-19T00:00:00,North Carolina,USA,North Carolina/USA,6-4,200,5,5,Guard,Inactive,N,1610612747,Lakers,LAL,lakers,Los Angeles,kendall_marshall,2012,2015,Y,Y,Y,2012,1,13,N
203495,Ricky,Ledo,Ricky Ledo,"Ledo, Ricky",R. Ledo,ricky-ledo,1992-09-10T00:00:00,Providence,USA,Providence/USA,6-7,195,2,11,Guard,Inactive,N,1610612742,Mavericks,DAL,mavericks,Dallas,ricky_ledo,2013,2014,Y,Y,Y,2013,2,43,N
203479,Jamaal,Franklin,Jamaal Franklin,"Franklin, Jamaal",J. Franklin,jamaal-franklin,1991-07-21T00:00:00,San Diego State,USA,San Diego State/USA,6-5,191,3,22,Guard,Inactive,N,1610612763,Grizzlies,MEM,grizzlies,Memphis,jamaal_franklin,2013,2014,Y,Y,Y,2013,2,41,N
203492,Ray,McCallum,Ray McCallum,"McCallum, Ray",R. McCallum,ray-mccallum,1991-06-12T00:00:00,Detroit,USA,Detroit/USA,6-3,190,4,,Guard,Inactive,N,0,,,,,ray_mccallum,2013,2015,Y,Y,Y,2013,2,36,N
203467,Carrick,Felix,Carrick Felix,"Felix, Carrick",C. Felix,carrick-felix,1990-08-17T00:00:00,Arizona State,USA,Arizona State/USA,6-6,201,2,30,Guard-Forward,Inactive,N,1610612739,Cavaliers,CLE,cavaliers,Cleveland,carrick_felix,2013,2013,Y,Y,Y,2013,2,33,N
203489,Nate,Wolters,Nate Wolters,"Wolters, Nate",N. Wolters,nate-wolters,1991-05-15T00:00:00,South Dakota State,USA,South Dakota State/USA,6-4,190,3,,Guard,Inactive,N,0,,,,,nate_wolters,2013,2017,Y,Y,Y,2013,2,38,N
203183,Tony,Mitchell,Tony Mitchell,"Mitchell, Tony",T. Mitchell,tony-mitchell,1989-08-07T00:00:00,Alabama,USA,Alabama/USA,6-6,216,2,,Forward,Inactive,N,0,,,,,tony_mitchell,2013,2013,Y,Y,Y,Undrafted,Undrafted,Undrafted,N
201979,Nick,Calathes,Nick Calathes,"Calathes, Nick",N. Calathes,nick-calathes,1989-02-07T00:00:00,Florida,USA,Florida/USA,6-6,213,2,12,Guard,Inactive,N,1610612763,Grizzlies,MEM,grizzlies,Memphis,nick_calathes,2013,2014,N,Y,Y,2009,2,45,N
203521,Matthew,Dellavedova,Matthew Dellavedova,"Dellavedova, Matthew",M. Dellavedova,matthew-dellavedova,1990-09-08T00:00:00,Saint Mary's,Australia,Saint Mary's/Australia,6-3,200,10,8,Guard,Inactive,N,1610612758,Kings,SAC,kings,Sacramento,matthew_dellavedova,2013,2022,N,Y,Y,Undrafted,Undrafted,Undrafted,N
203496,Robert,Covington,Robert Covington,"Covington, Robert",R. Covington,robert-covington,1990-12-14T00:00:00,Tennessee State,USA,Tennessee State/USA,6-7,209,10,33,Forward,Active,Y,1610612755,76ers,PHI,sixers,Philadelphia,robert_covington,2013,2023,Y,Y,Y,Undrafted,Undrafted,Undrafted,N
203491,Peyton,Siva,Peyton Siva,"Siva, Peyton",P. Siva,peyton-siva,1990-10-24T00:00:00,Louisville,USA,Louisville/USA,6-0,185,1,34,Guard,Inactive,N,1610612765,Pistons,DET,pistons,Detroit,peyton_siva,2013,2013,Y,Y,Y,2013,2,56,N
203561,Brandon,Davies,Brandon Davies,"Davies, Brandon",B. Davies,brandon-davies,1991-07-25T00:00:00,Brigham Young,USA,Brigham Young/USA,6-10,240,2,,Forward,Inactive,N,0,,,,,brandon_davies,2013,2014,N,Y,Y,Undrafted,Undrafted,Undrafted,N
203315,Toure',Murry,Toure' Murry,"Murry, Toure'",T. Murry,toure-murry,1989-11-08T00:00:00,Wichita State,USA,Wichita State/USA,6-5,195,3,,Forward,Inactive,N,0,,,,,toure'_murry,2013,2014,Y,Y,Y,Undrafted,Undrafted,Undrafted,N
203527,Ryan,Kelly,Ryan Kelly,"Kelly, Ryan",R. Kelly,ryan-kelly,1991-04-09T00:00:00,Duke,USA,Duke/USA,6-11,230,5,30,Forward,Inactive,N,1610612747,Lakers,LAL,lakers,Los Angeles,ryan_kelly,2013,2016,Y,Y,Y,2013,2,48,N
203515,Phil,Pressey,Phil Pressey,"Pressey, Phil",P. Pressey,phil-pressey,1991-02-17T00:00:00,Missouri,USA,Missouri/USA,5-11,175,4,,Guard,Inactive,N,0,,,,,phil_pressey,2013,2015,Y,Y,Y,Undrafted,Undrafted,Undrafted,N
203136,Ognjen,Kuzmic,Ognjen Kuzmic,"Kuzmic, Ognjen",O. Kuzmic,ognjen-kuzmic,1990-05-16T00:00:00,Malaga,Serbia,Malaga/Serbia,7-0,260,2,1,Center,Inactive,N,1610612744,Warriors,GSW,warriors,Golden State,ognjen_kuzmic,2013,2014,Y,Y,Y,2012,2,52,N
203133,Robbie,Hummel,Robbie Hummel,"Hummel, Robbie",R. Hummel,robbie-hummel,1989-03-08T00:00:00,Purdue,USA,Purdue/USA,6-9,219,3,4,Forward,Inactive,N,1610612750,Timberwolves,MIN,timberwolves,Minnesota,robbie_hummel,2013,2014,N,Y,Y,2012,2,58,N
203481,Jeff,Withey,Jeff Withey,"Withey, Jeff",J. Withey,jeff-withey,1990-03-07T00:00:00,Kansas,USA,Kansas/USA,7-0,230,5,,Center,Inactive,N,0,,,,,jeff_withey,2013,2017,N,Y,Y,2013,2,39,N
202091,Dionte,Christmas,Dionte Christmas,"Christmas, Dionte",D. Christmas,dionte-christmas,1986-09-15T00:00:00,Temple,USA,Temple/USA,,,2,,,Inactive,N,0,,,,,dionte_christmas,2013,2016,Y,Y,Y,Undrafted,Undrafted,Undrafted,N
203546,Ian,Clark,Ian Clark,"Clark, Ian",I. Clark,ian-clark,1991-03-07T00:00:00,Belmont,USA,Belmont/USA,6-3,175,7,2,Guard,Inactive,N,1610612744,Warriors,GSW,warriors,Golden State,ian_clark,2013,2018,Y,Y,Y,Undrafted,Undrafted,Undrafted,N
203539,Gal,Mekel,Gal Mekel,"Mekel, Gal",G. Mekel,gal-mekel,1988-03-04T00:00:00,Wichita State,Israel,Wichita State/Israel,6-3,191,2,,Guard,Inactive,N,0,,,,,gal_mekel,2013,2014,Y,Y,Y,Undrafted,Undrafted,Undrafted,N
203138,Hollis,Thompson,Hollis Thompson,"Thompson, Hollis",H. Thompson,hollis-thompson,1991-04-03T00:00:00,Georgetown,USA,Georgetown/USA,6-8,206,5,,Forward,Inactive,N,0,,,,,hollis_thompson,2013,2016,Y,Y,Y,Undrafted,Undrafted,Undrafted,N
2045,Hedo,Turkoglu,Hedo Turkoglu,"Turkoglu, Hedo",H. Turkoglu,hedo-turkoglu,1979-03-19T00:00:00,Efes Pilsen,Turkey,Efes Pilsen/Turkey,6-10,220,15,15,Forward,Inactive,N,1610612753,Magic,ORL,magic,Orlando,hedo_turkoglu,2000,2014,N,Y,Y,2000,1,16,N
2571,Leandro,Barbosa,Leandro Barbosa,"Barbosa, Leandro",L. Barbosa,leandro-barbosa,1982-11-28T00:00:00,Bauru,Brazil,Bauru/Brazil,6-3,194,15,19,Guard,Inactive,N,1610612756,Suns,PHX,suns,Phoenix,leandro_barbosa,2003,2016,N,Y,Y,2003,1,28,N
202337,Luke,Babbitt,Luke Babbitt,"Babbitt, Luke",L. Babbitt,luke-babbitt,1989-06-20T00:00:00,Nevada,USA,Nevada/USA,6-9,225,9,22,Forward,Inactive,N,1610612740,Pelicans,NOP,pelicans,New Orleans,luke_babbitt,2010,2017,Y,Y,Y,2010,1,16,N
101183,Shavlik,Randolph,Shavlik Randolph,"Randolph, Shavlik",S. Randolph,shavlik-randolph,1983-11-24T00:00:00,Duke,USA,Duke/USA,6-10,236,8,,Forward,Inactive,N,0,,,,,shavlik_randolph,2005,2014,N,Y,Y,Undrafted,Undrafted,Undrafted,N
2215,Jason,Collins,Jason Collins,"Collins, Jason",J. Collins,jason-collins,1978-12-02T00:00:00,Stanford,USA,Stanford/USA,7-0,255,13,98,Center,Inactive,N,1610612751,Nets,BKN,nets,Brooklyn,jason_collins,2001,2013,N,Y,Y,2001,1,18,N
203584,Troy,Daniels,Troy Daniels,"Daniels, Troy",T. Daniels,troy-daniels,1991-07-15T00:00:00,Virginia Commonwealth,USA,Virginia Commonwealth/USA,6-4,200,8,30,Guard,Inactive,N,1610612756,Suns,PHX,suns,Phoenix,troy_daniels,2013,2019,Y,Y,Y,Undrafted,Undrafted,Undrafted,N
203488,Mike,Muscala,Mike Muscala,"Muscala, Mike",M. Muscala,mike-muscala,1991-07-01T00:00:00,Bucknell,USA,Bucknell/USA,6-10,240,10,50,Forward-Center,Active,Y,1610612760,Thunder,OKC,thunder,Oklahoma City,mike_muscala,2013,2023,Y,Y,Y,2013,2,44,N
203569,Chris,Babb,Chris Babb,"Babb, Chris",C. Babb,chris-babb,1990-02-14T00:00:00,Iowa State,USA,Iowa State/USA,6-5,225,3,52,Guard,Inactive,N,1610612738,Celtics,BOS,celtics,Boston,chris_babb,2013,2014,Y,Y,Y,Undrafted,Undrafted,Undrafted,N
202345,Damion,James,Damion James,"James, Damion",D. James,damion-james,1987-10-07T00:00:00,Texas,USA,Texas/USA,6-7,225,4,7,Forward,Inactive,N,1610612751,Nets,BKN,nets,Brooklyn,damion_james,2010,2013,Y,Y,Y,2010,1,24,N
2229,Mike,James,Mike James,"James, Mike",M. James,mike-james,1975-06-23T00:00:00,Duquesne,USA,Duquesne/USA,6-2,188,12,8,Guard,Inactive,N,1610612748,Heat,MIA,heat,Miami,mike_james,2001,2013,Y,Y,Y,Undrafted,Undrafted,Undrafted,N
203268,Jorge,Gutierrez,Jorge Gutierrez,"Gutierrez, Jorge",J. Gutierrez,jorge-gutierrez,1988-12-27T00:00:00,California,Mexico,California/Mexico,6-3,189,4,12,Guard,Inactive,N,1610612751,Nets,BKN,nets,Brooklyn,jorge_gutierrez,2013,2015,Y,Y,Y,Undrafted,Undrafted,Undrafted,N
2400,Drew,Gooden,Drew Gooden,"Gooden, Drew",D. Gooden,drew-gooden,1981-09-24T00:00:00,Kansas,USA,Kansas/USA,6-10,250,15,90,Forward,Inactive,N,1610612739,Cavaliers,CLE,cavaliers,Cleveland,drew_gooden,2002,2015,N,Y,Y,2002,1,4,N
2408,Melvin,Ely,Melvin Ely,"Ely, Melvin",M. Ely,melvin-ely,1978-05-02T00:00:00,Fresno State,USA,Fresno State/USA,6-10,260,9,4,Center-Forward,Inactive,N,1610612766,Bobcats,CHA,hornets,Charlotte,melvin_ely,2002,2013,Y,Y,Y,2002,1,12,N
2694,Josh,Powell,Josh Powell,"Powell, Josh",J. Powell,josh-powell,1983-01-25T00:00:00,North Carolina State,USA,North Carolina State/USA,6-9,240,8,21,Forward,Inactive,N,1610612747,Lakers,LAL,lakers,Los Angeles,josh_powell,2005,2013,Y,Y,Y,Undrafted,Undrafted,Undrafted,N
202874,Chris,Wright,Chris Wright,"Wright, Chris",C. Wright,chris-wright,1988-09-30T00:00:00,Dayton,USA,Dayton/USA,6-9,226,3,15,Forward,Inactive,N,1610612744,Warriors,GSW,warriors,Golden State,chris_wright,2011,2013,Y,Y,Y,Undrafted,Undrafted,Undrafted,N
